"","method1","method2","out_id_x","out_id_y","neg_limit_rg","limit_rg","res","var_est","X_CHARACTER"
"1",0.2,0.2,NA,NA,-0.59077137,0.59077137,-0.07071068,0.0224243,NA
"2",0.2,0.2,NA,NA,-0.59077137,0.59077137,-0.07071068,0.0224243,NA
"3",0.2,0.2,NA,NA,-0.59077137,0.59077137,-0.07071068,0.0224243,NA
"4",0.2,0.3,NA,NA,-0.59162811,0.59162811,0,0.02248934,NA
"5",0.3,0.2,NA,NA,-0.59162811,0.59162811,-0.14142136,0.02248934,NA
"6",0.3,0.2,NA,NA,-0.59162811,0.59162811,-0.14142136,0.02248934,NA
"7",0.2,0.3,NA,NA,-0.59162811,0.59162811,0,0.02248934,NA
"8",0.2,0.3,NA,NA,-0.59162811,0.59162811,0,0.02248934,NA
"9",0.3,0.2,NA,NA,-0.59162811,0.59162811,-0.14142136,0.02248934,NA
"10",0.2,0.3,NA,NA,-0.59162811,0.59162811,0,0.02248934,NA
"11",0.3,0.2,NA,NA,-0.59162811,0.59162811,-0.14142136,0.02248934,NA
"12",0.3,0.3,NA,NA,-0.59263644,0.59263644,-0.07071068,0.02256607,NA
"13",0.3,0.3,NA,NA,-0.59263644,0.59263644,-0.07071068,0.02256607,NA
"14",0.3,0.3,NA,NA,-0.59263644,0.59263644,-0.07071068,0.02256607,NA
"15",0.3,0.3,NA,NA,-0.59263644,0.59263644,-0.07071068,0.02256607,NA
"16",0.3,0.3,NA,NA,-0.59263644,0.59263644,-0.07071068,0.02256607,NA
"17",0.3,0.3,NA,NA,-0.59263644,0.59263644,-0.07071068,0.02256607,NA
"18",0.3,0.3,NA,NA,-0.59263644,0.59263644,-0.07071068,0.02256607,NA
"19",0.3,0.3,NA,NA,-0.59263644,0.59263644,-0.07071068,0.02256607,NA
"20",0.3,0.3,NA,NA,-0.59263644,0.59263644,-0.07071068,0.02256607,NA
"21",0.3,0.4,NA,NA,-0.59379954,0.59379954,0,0.02265477,NA
"22",0.3,0.4,NA,NA,-0.59379954,0.59379954,0,0.02265477,NA
"23",0.4,0.3,NA,NA,-0.59379954,0.59379954,-0.14142136,0.02265477,NA
"24",0.3,0.4,NA,NA,-0.59379954,0.59379954,0,0.02265477,NA
"25",0.4,0.3,NA,NA,-0.59379954,0.59379954,-0.14142136,0.02265477,NA
"26",0.4,0.3,NA,NA,-0.59379954,0.59379954,-0.14142136,0.02265477,NA
"27",0.4,0.3,NA,NA,-0.59379954,0.59379954,-0.14142136,0.02265477,NA
"28",0.4,0.3,NA,NA,-0.59379954,0.59379954,-0.14142136,0.02265477,NA
"29",0.4,0.3,NA,NA,-0.59379954,0.59379954,-0.14142136,0.02265477,NA
"30",0.3,0.4,NA,NA,-0.59379954,0.59379954,0,0.02265477,NA
"31",0.4,0.4,NA,NA,-0.59511955,0.59511955,-0.07071068,0.02275565,NA
"32",0.6,0.2,NA,NA,-0.59511955,0.59511955,-0.35355339,0.02275565,NA
"33",0.4,0.4,NA,NA,-0.59511955,0.59511955,-0.07071068,0.02275565,NA
"34",0.4,0.4,NA,NA,-0.59511955,0.59511955,-0.07071068,0.02275565,NA
"35",0.4,0.4,NA,NA,-0.59511955,0.59511955,-0.07071068,0.02275565,NA
"36",0.4,0.4,NA,NA,-0.59511955,0.59511955,-0.07071068,0.02275565,NA
"37",0.4,0.4,NA,NA,-0.59511955,0.59511955,-0.07071068,0.02275565,NA
"38",0.4,0.4,NA,NA,-0.59511955,0.59511955,-0.07071068,0.02275565,NA
"39",0.4,0.4,NA,NA,-0.59511955,0.59511955,-0.07071068,0.02275565,NA
"40",0.4,0.4,NA,NA,-0.59511955,0.59511955,-0.07071068,0.02275565,NA
"41",0.4,0.4,NA,NA,-0.59511955,0.59511955,-0.07071068,0.02275565,NA
"42",0.2,0.6,NA,NA,-0.59511955,0.59511955,0.21213203,0.02275565,NA
"43",0.3,0.5,NA,NA,-0.59511955,0.59511955,0.07071068,0.02275565,NA
"44",0.4,0.4,NA,NA,-0.59511955,0.59511955,-0.07071068,0.02275565,NA
"45",0.5,0.3,NA,NA,-0.59511955,0.59511955,-0.21213203,0.02275565,NA
"46",0.4,0.4,NA,NA,-0.59511955,0.59511955,-0.07071068,0.02275565,NA
"47",0.4,0.4,NA,NA,-0.59511955,0.59511955,-0.07071068,0.02275565,NA
"48",0.4,0.5,NA,NA,-0.59659748,0.59659748,0,0.02286883,NA
"49",0.4,0.5,NA,NA,-0.59659748,0.59659748,0,0.02286883,NA
"50",0.4,0.5,NA,NA,-0.59659748,0.59659748,0,0.02286883,NA
"51",0.5,0.4,NA,NA,-0.59659748,0.59659748,-0.14142136,0.02286883,NA
"52",0.5,0.4,NA,NA,-0.59659748,0.59659748,-0.14142136,0.02286883,NA
"53",0.4,0.5,NA,NA,-0.59659748,0.59659748,0,0.02286883,NA
"54",0.4,0.5,NA,NA,-0.59659748,0.59659748,0,0.02286883,NA
"55",0.4,0.5,NA,NA,-0.59659748,0.59659748,0,0.02286883,NA
"56",0.4,0.5,NA,NA,-0.59659748,0.59659748,0,0.02286883,NA
"57",0.5,0.4,NA,NA,-0.59659748,0.59659748,-0.14142136,0.02286883,NA
"58",0.5,0.4,NA,NA,-0.59659748,0.59659748,-0.14142136,0.02286883,NA
"59",0.4,0.5,NA,NA,-0.59659748,0.59659748,0,0.02286883,NA
"60",0.4,0.5,NA,NA,-0.59659748,0.59659748,0,0.02286883,NA
"61",0.5,0.5,NA,NA,-0.59823311,0.59823311,-0.07071068,0.02299437,NA
"62",0.5,0.5,NA,NA,-0.59823311,0.59823311,-0.07071068,0.02299437,NA
"63",0.5,0.5,NA,NA,-0.59823311,0.59823311,-0.07071068,0.02299437,NA
"64",0.5,0.5,NA,NA,-0.59823311,0.59823311,-0.07071068,0.02299437,NA
"65",0.5,0.5,NA,NA,-0.59823311,0.59823311,-0.07071068,0.02299437,NA
"66",0.5,0.5,NA,NA,-0.59823311,0.59823311,-0.07071068,0.02299437,NA
"67",0.5,0.5,NA,NA,-0.59823311,0.59823311,-0.07071068,0.02299437,NA
"68",0.5,0.5,NA,NA,-0.59823311,0.59823311,-0.07071068,0.02299437,NA
"69",0.5,0.5,NA,NA,-0.59823311,0.59823311,-0.07071068,0.02299437,NA
"70",0.5,0.5,NA,NA,-0.59823311,0.59823311,-0.07071068,0.02299437,NA
"71",0.4,0.6,NA,NA,-0.59823311,0.59823311,0.07071068,0.02299437,NA
"72",0.5,0.5,NA,NA,-0.59823311,0.59823311,-0.07071068,0.02299437,NA
"73",0.5,0.5,NA,NA,-0.59823311,0.59823311,-0.07071068,0.02299437,NA
"74",0.5,0.5,NA,NA,-0.59823311,0.59823311,-0.07071068,0.02299437,NA
"75",0.6,0.4,NA,NA,-0.59823311,0.59823311,-0.21213203,0.02299437,NA
"76",0.5,0.5,NA,NA,-0.59823311,0.59823311,-0.07071068,0.02299437,NA
"77",0.4,0.6,NA,NA,-0.59823311,0.59823311,0.07071068,0.02299437,NA
"78",0.5,0.6,NA,NA,-0.600025,0.600025,0,0.02313222,NA
"79",0.6,0.5,NA,NA,-0.600025,0.600025,-0.14142136,0.02313222,NA
"80",0.6,0.5,NA,NA,-0.600025,0.600025,-0.14142136,0.02313222,NA
"81",0.6,0.5,NA,NA,-0.600025,0.600025,-0.14142136,0.02313222,NA
"82",0.5,0.6,NA,NA,-0.600025,0.600025,0,0.02313222,NA
"83",0.5,0.6,NA,NA,-0.600025,0.600025,0,0.02313222,NA
"84",0.5,0.6,NA,NA,-0.600025,0.600025,0,0.02313222,NA
"85",0.6,0.5,NA,NA,-0.600025,0.600025,-0.14142136,0.02313222,NA
"86",0.6,0.5,NA,NA,-0.600025,0.600025,-0.14142136,0.02313222,NA
"87",0.6,0.6,NA,NA,-0.6019704,0.6019704,-0.07071068,0.02328224,NA
"88",0.6,0.6,NA,NA,-0.6019704,0.6019704,-0.07071068,0.02328224,NA
"89",0.6,0.6,NA,NA,-0.6019704,0.6019704,-0.07071068,0.02328224,NA
"90",0.6,0.6,NA,NA,-0.6019704,0.6019704,-0.07071068,0.02328224,NA
"91",0.6,0.6,NA,NA,-0.6019704,0.6019704,-0.07071068,0.02328224,NA
"92",0.5,0.7,NA,NA,-0.6019704,0.6019704,0.07071068,0.02328224,NA
"93",0.6,0.6,NA,NA,-0.6019704,0.6019704,-0.07071068,0.02328224,NA
"94",0.6,0.6,NA,NA,-0.6019704,0.6019704,-0.07071068,0.02328224,NA
"95",0.6,0.6,NA,NA,-0.6019704,0.6019704,-0.07071068,0.02328224,NA
"96",0.5,0.7,NA,NA,-0.6019704,0.6019704,0.07071068,0.02328224,NA
"97",0.6,0.6,NA,NA,-0.6019704,0.6019704,-0.07071068,0.02328224,NA
"98",0.6,0.7,NA,NA,-0.60406525,0.60406525,0,0.02344421,NA
"99",0.6,0.7,NA,NA,-0.60406525,0.60406525,0,0.02344421,NA
"100",0.6,0.7,NA,NA,-0.60406525,0.60406525,0,0.02344421,NA
"101",0.6,0.7,NA,NA,-0.60406525,0.60406525,0,0.02344421,NA
"102",0.6,0.7,NA,NA,-0.60406525,0.60406525,0,0.02344421,NA
"103",0.6,0.7,NA,NA,-0.60406525,0.60406525,0,0.02344421,NA
"104",0.7,0.6,NA,NA,-0.60406525,0.60406525,-0.14142136,0.02344421,NA
"105",0.8,0.5,NA,NA,-0.60406525,0.60406525,-0.28284271,0.02344421,NA
"106",0.7,0.6,NA,NA,-0.60406525,0.60406525,-0.14142136,0.02344421,NA
"107",0.7,0.6,NA,NA,-0.60406525,0.60406525,-0.14142136,0.02344421,NA
"108",0.7,0.6,NA,NA,-0.60406525,0.60406525,-0.14142136,0.02344421,NA
"109",0.7,0.6,NA,NA,-0.60406525,0.60406525,-0.14142136,0.02344421,NA
"110",0.7,0.6,NA,NA,-0.60406525,0.60406525,-0.14142136,0.02344421,NA
"111",0.7,0.6,NA,NA,-0.60406525,0.60406525,-0.14142136,0.02344421,NA
"112",0.6,0.8,NA,NA,-0.6063042,0.6063042,0.07071068,0.02361779,NA
"113",0.6,0.8,NA,NA,-0.6063042,0.6063042,0.07071068,0.02361779,NA
"114",0.7,0.7,NA,NA,-0.6063042,0.6063042,-0.07071068,0.02361779,NA
"115",0.7,0.7,NA,NA,-0.6063042,0.6063042,-0.07071068,0.02361779,NA
"116",0.7,0.7,NA,NA,-0.6063042,0.6063042,-0.07071068,0.02361779,NA
"117",0.7,0.7,NA,NA,-0.6063042,0.6063042,-0.07071068,0.02361779,NA
"118",0.7,0.7,NA,NA,-0.6063042,0.6063042,-0.07071068,0.02361779,NA
"119",0.7,0.7,NA,NA,-0.6063042,0.6063042,-0.07071068,0.02361779,NA
"120",0.8,0.6,NA,NA,-0.6063042,0.6063042,-0.21213203,0.02361779,NA
"121",0.9,0.5,NA,NA,-0.6063042,0.6063042,-0.35355339,0.02361779,NA
"122",0.8,0.6,NA,NA,-0.6063042,0.6063042,-0.21213203,0.02361779,NA
"123",0.8,0.6,NA,NA,-0.6063042,0.6063042,-0.21213203,0.02361779,NA
"124",0.8,0.7,NA,NA,-0.60868057,0.60868057,-0.14142136,0.02380256,NA
"125",0.8,0.7,NA,NA,-0.60868057,0.60868057,-0.14142136,0.02380256,NA
"126",0.8,0.7,NA,NA,-0.60868057,0.60868057,-0.14142136,0.02380256,NA
"127",0.8,0.7,NA,NA,-0.60868057,0.60868057,-0.14142136,0.02380256,NA
"128",0.7,0.8,NA,NA,-0.60868057,0.60868057,0,0.02380256,NA
"129",0.9,0.6,NA,NA,-0.60868057,0.60868057,-0.28284271,0.02380256,NA
"130",0.8,0.7,NA,NA,-0.60868057,0.60868057,-0.14142136,0.02380256,NA
"131",0.6,0.9,NA,NA,-0.60868057,0.60868057,0.14142136,0.02380256,NA
"132",0.8,0.7,NA,NA,-0.60868057,0.60868057,-0.14142136,0.02380256,NA
"133",0.7,0.8,NA,NA,-0.60868057,0.60868057,0,0.02380256,NA
"134",0.7,0.8,NA,NA,-0.60868057,0.60868057,0,0.02380256,NA
"135",0.8,0.7,NA,NA,-0.60868057,0.60868057,-0.14142136,0.02380256,NA
"136",0.9,0.7,NA,NA,-0.61118644,0.61118644,-0.21213203,0.02399801,NA
"137",0.7,0.9,NA,NA,-0.61118644,0.61118644,0.07071068,0.02399801,NA
"138",0.7,0.9,NA,NA,-0.61118644,0.61118644,0.07071068,0.02399801,NA
"139",0.9,0.7,NA,NA,-0.61118644,0.61118644,-0.21213203,0.02399801,NA
"140",0.7,0.9,NA,NA,-0.61118644,0.61118644,0.07071068,0.02399801,NA
"141",0.8,0.8,NA,NA,-0.61118644,0.61118644,-0.07071068,0.02399801,NA
"142",0.8,0.8,NA,NA,-0.61118644,0.61118644,-0.07071068,0.02399801,NA
"143",0.8,0.8,NA,NA,-0.61118644,0.61118644,-0.07071068,0.02399801,NA
"144",0.8,0.8,NA,NA,-0.61118644,0.61118644,-0.07071068,0.02399801,NA
"145",0.8,0.8,NA,NA,-0.61118644,0.61118644,-0.07071068,0.02399801,NA
"146",0,1.7,0,1.7,-0.61381266,0.61381266,1.13137085,0.02420353,NA
"147",0.7,1,NA,NA,-0.61381266,0.61381266,0.14142136,0.02420353,NA
"148",0.8,0.9,NA,NA,-0.61381266,0.61381266,0,0.02420353,NA
"149",0.8,0.9,NA,NA,-0.61381266,0.61381266,0,0.02420353,NA
"150",0.8,0.9,NA,NA,-0.61381266,0.61381266,0,0.02420353,NA
"151",0.7,1,NA,NA,-0.61381266,0.61381266,0.14142136,0.02420353,NA
"152",0.9,0.8,NA,NA,-0.61381266,0.61381266,-0.14142136,0.02420353,NA
"153",0.8,0.9,NA,NA,-0.61381266,0.61381266,0,0.02420353,NA
"154",0.8,0.9,NA,NA,-0.61381266,0.61381266,0,0.02420353,NA
"155",0.8,0.9,NA,NA,-0.61381266,0.61381266,0,0.02420353,NA
"156",0.8,0.9,NA,NA,-0.61381266,0.61381266,0,0.02420353,NA
"157",0.8,0.9,NA,NA,-0.61381266,0.61381266,0,0.02420353,NA
"158",0.9,0.8,NA,NA,-0.61381266,0.61381266,-0.14142136,0.02420353,NA
"159",0.8,1,NA,NA,-0.61654897,0.61654897,0.07071068,0.02441841,NA
"160",0.8,1,NA,NA,-0.61654897,0.61654897,0.07071068,0.02441841,NA
"161",1,0.8,NA,NA,-0.61654897,0.61654897,-0.21213203,0.02441841,NA
"162",0.9,0.9,NA,NA,-0.61654897,0.61654897,-0.07071068,0.02441841,NA
"163",0.9,0.9,NA,NA,-0.61654897,0.61654897,-0.07071068,0.02441841,NA
"164",0.8,1,NA,NA,-0.61654897,0.61654897,0.07071068,0.02441841,NA
"165",0.9,0.9,NA,NA,-0.61654897,0.61654897,-0.07071068,0.02441841,NA
"166",0.9,0.9,NA,NA,-0.61654897,0.61654897,-0.07071068,0.02441841,NA
"167",0.8,1,NA,NA,-0.61654897,0.61654897,0.07071068,0.02441841,NA
"168",0.9,0.9,NA,NA,-0.61654897,0.61654897,-0.07071068,0.02441841,NA
"169",0.9,0.9,NA,NA,-0.61654897,0.61654897,-0.07071068,0.02441841,NA
"170",0.9,0.9,NA,NA,-0.61654897,0.61654897,-0.07071068,0.02441841,NA
"171",0.8,1,NA,NA,-0.61654897,0.61654897,0.07071068,0.02441841,NA
"172",0.9,0.9,NA,NA,-0.61654897,0.61654897,-0.07071068,0.02441841,NA
"173",1,0.9,NA,NA,-0.61938409,0.61938409,-0.14142136,0.02464187,NA
"174",0.9,1,NA,NA,-0.61938409,0.61938409,0,0.02464187,NA
"175",0.9,1,NA,NA,-0.61938409,0.61938409,0,0.02464187,NA
"176",0.9,1,NA,NA,-0.61938409,0.61938409,0,0.02464187,NA
"177",0.9,1,NA,NA,-0.61938409,0.61938409,0,0.02464187,NA
"178",0.9,1,NA,NA,-0.61938409,0.61938409,0,0.02464187,NA
"179",0.9,1,NA,NA,-0.61938409,0.61938409,0,0.02464187,NA
"180",0.9,1,NA,NA,-0.61938409,0.61938409,0,0.02464187,NA
"181",1,0.9,NA,NA,-0.61938409,0.61938409,-0.14142136,0.02464187,NA
"182",1,0.9,NA,NA,-0.61938409,0.61938409,-0.14142136,0.02464187,NA
"183",0.8,1.1,NA,NA,-0.61938409,0.61938409,0.14142136,0.02464187,NA
"184",0,2,0,2,-0.62230588,0.62230588,1.34350288,0.02487305,NA
"185",1,1,NA,NA,-0.62230588,0.62230588,-0.07071068,0.02487305,NA
"186",0.9,1.1,NA,NA,-0.62230588,0.62230588,0.07071068,0.02487305,NA
"187",1,1,NA,NA,-0.62230588,0.62230588,-0.07071068,0.02487305,NA
"188",1,1,NA,NA,-0.62230588,0.62230588,-0.07071068,0.02487305,NA
"189",0.8,1.2,NA,NA,-0.62230588,0.62230588,0.21213203,0.02487305,NA
"190",0.9,1.1,NA,NA,-0.62230588,0.62230588,0.07071068,0.02487305,NA
"191",1,1,NA,NA,-0.62230588,0.62230588,-0.07071068,0.02487305,NA
"192",0.9,1.1,NA,NA,-0.62230588,0.62230588,0.07071068,0.02487305,NA
"193",1,1,NA,NA,-0.62230588,0.62230588,-0.07071068,0.02487305,NA
"194",1.1,0.9,NA,NA,-0.62230588,0.62230588,-0.21213203,0.02487305,NA
"195",1,1,NA,NA,-0.62230588,0.62230588,-0.07071068,0.02487305,NA
"196",0.9,1.2,NA,NA,-0.62530149,0.62530149,0.14142136,0.02511103,NA
"197",1,1.1,NA,NA,-0.62530149,0.62530149,0,0.02511103,NA
"198",1,1.1,NA,NA,-0.62530149,0.62530149,0,0.02511103,NA
"199",1.1,1,NA,NA,-0.62530149,0.62530149,-0.14142136,0.02511103,NA
"200",1,1.1,NA,NA,-0.62530149,0.62530149,0,0.02511103,NA
"201",1,1.1,NA,NA,-0.62530149,0.62530149,0,0.02511103,NA
"202",1,1.2,NA,NA,-0.62835759,0.62835759,0.07071068,0.02535484,NA
"203",1.1,1.1,NA,NA,-0.62835759,0.62835759,-0.07071068,0.02535484,NA
"204",1.1,1.1,NA,NA,-0.62835759,0.62835759,-0.07071068,0.02535484,NA
"205",0.8,1.4,NA,NA,-0.62835759,0.62835759,0.35355339,0.02535484,NA
"206",1.1,1.1,NA,NA,-0.62835759,0.62835759,-0.07071068,0.02535484,NA
"207",1.1,1.1,NA,NA,-0.62835759,0.62835759,-0.07071068,0.02535484,NA
"208",1.1,1.1,NA,NA,-0.62835759,0.62835759,-0.07071068,0.02535484,NA
"209",1.2,1.1,NA,NA,-0.63146057,0.63146057,-0.14142136,0.02560347,NA
"210",1.2,1.1,NA,NA,-0.63146057,0.63146057,-0.14142136,0.02560347,NA
"211",1,1.3,NA,NA,-0.63146057,0.63146057,0.14142136,0.02560347,NA
"212",1,1.3,NA,NA,-0.63146057,0.63146057,0.14142136,0.02560347,NA
"213",1,1.3,NA,NA,-0.63146057,0.63146057,0.14142136,0.02560347,NA
"214",1.1,1.2,NA,NA,-0.63146057,0.63146057,0,0.02560347,NA
"215",1.2,1.2,NA,NA,-0.63459681,0.63459681,-0.07071068,0.02585589,NA
"216",1.4,1,NA,NA,-0.63459681,0.63459681,-0.35355339,0.02585589,NA
"217",1.2,1.2,NA,NA,-0.63459681,0.63459681,-0.07071068,0.02585589,NA
"218",1.1,1.3,NA,NA,-0.63459681,0.63459681,0.07071068,0.02585589,NA
"219",1.3,1.1,NA,NA,-0.63459681,0.63459681,-0.21213203,0.02585589,NA
"220",1.2,1.3,NA,NA,-0.63775289,0.63775289,0,0.02611108,NA
"221",1.2,1.4,NA,NA,-0.64091592,0.64091592,0.07071068,0.02636805,NA
"222",1.2,1.4,NA,NA,-0.64091592,0.64091592,0.07071068,0.02636805,NA
"223",1.3,1.3,NA,NA,-0.64091592,0.64091592,-0.07071068,0.02636805,NA
"224",1.4,1.2,NA,NA,-0.64091592,0.64091592,-0.21213203,0.02636805,NA
"225",1.2,1.4,NA,NA,-0.64091592,0.64091592,0.07071068,0.02636805,NA
"226",1.3,1.3,NA,NA,-0.64091592,0.64091592,-0.07071068,0.02636805,NA
"227",1.3,1.4,NA,NA,-0.64407375,0.64407375,0,0.02662583,NA
"228",1.2,1.5,NA,NA,-0.64407375,0.64407375,0.14142136,0.02662583,NA
"229",1.2,1.5,NA,NA,-0.64407375,0.64407375,0.14142136,0.02662583,NA
"230",1.2,1.5,NA,NA,-0.64407375,0.64407375,0.14142136,0.02662583,NA
"231",1.4,1.3,NA,NA,-0.64407375,0.64407375,-0.14142136,0.02662583,NA
"232",0,2.7,0,2.7,-0.64407375,0.64407375,1.83847763,0.02662583,NA
"233",1.3,1.4,NA,NA,-0.64407375,0.64407375,0,0.02662583,NA
"234",1.4,1.3,NA,NA,-0.64407375,0.64407375,-0.14142136,0.02662583,NA
"235",1.3,1.4,NA,NA,-0.64407375,0.64407375,0,0.02662583,NA
"236",1.4,1.3,NA,NA,-0.64407375,0.64407375,-0.14142136,0.02662583,NA
"237",1.1,1.6,NA,NA,-0.64407375,0.64407375,0.28284271,0.02662583,NA
"238",1.4,1.4,NA,NA,-0.6472152,0.6472152,-0.07071068,0.02688353,NA
"239",1.4,1.4,NA,NA,-0.6472152,0.6472152,-0.07071068,0.02688353,NA
"240",1.3,1.5,NA,NA,-0.6472152,0.6472152,0.07071068,0.02688353,NA
"241",1.3,1.5,NA,NA,-0.6472152,0.6472152,0.07071068,0.02688353,NA
"242",1.3,1.5,NA,NA,-0.6472152,0.6472152,0.07071068,0.02688353,NA
"243",1.4,1.5,NA,NA,-0.65033029,0.65033029,0,0.02714032,NA
"244",1.4,1.5,NA,NA,-0.65033029,0.65033029,0,0.02714032,NA
"245",1.4,1.6,NA,NA,-0.65341044,0.65341044,0.07071068,0.02739549,NA
"246",1.4,1.6,NA,NA,-0.65341044,0.65341044,0.07071068,0.02739549,NA
"247",1.3,1.7,NA,NA,-0.65341044,0.65341044,0.21213203,0.02739549,NA
"248",1.5,1.5,NA,NA,-0.65341044,0.65341044,-0.07071068,0.02739549,NA
"249",1.4,1.6,NA,NA,-0.65341044,0.65341044,0.07071068,0.02739549,NA
"250",1.5,1.5,NA,NA,-0.65341044,0.65341044,-0.07071068,0.02739549,NA
"251",1.4,1.6,NA,NA,-0.65341044,0.65341044,0.07071068,0.02739549,NA
"252",1.4,1.6,NA,NA,-0.65341044,0.65341044,0.07071068,0.02739549,NA
"253",1.5,1.6,NA,NA,-0.65644853,0.65644853,0,0.02764841,NA
"254",1.5,1.6,NA,NA,-0.65644853,0.65644853,0,0.02764841,NA
"255",1.7,1.4,NA,NA,-0.65644853,0.65644853,-0.28284271,0.02764841,NA
"256",1.6,1.5,NA,NA,-0.65644853,0.65644853,-0.14142136,0.02764841,NA
"257",1.3,1.9,NA,NA,-0.65943903,0.65943903,0.35355339,0.02789859,NA
"258",1.5,1.7,NA,NA,-0.65943903,0.65943903,0.07071068,0.02789859,NA
"259",1.3,1.9,NA,NA,-0.65943903,0.65943903,0.35355339,0.02789859,NA
"260",1.6,1.6,NA,NA,-0.65943903,0.65943903,-0.07071068,0.02789859,NA
"261",1.3,1.9,NA,NA,-0.65943903,0.65943903,0.35355339,0.02789859,NA
"262",1.6,1.7,NA,NA,-0.66237802,0.66237802,0,0.02814564,NA
"263",1.6,1.7,NA,NA,-0.66237802,0.66237802,0,0.02814564,NA
"264",1.7,1.6,NA,NA,-0.66237802,0.66237802,-0.14142136,0.02814564,NA
"265",1.6,1.7,NA,NA,-0.66237802,0.66237802,0,0.02814564,NA
"266",1.6,1.7,NA,NA,-0.66237802,0.66237802,0,0.02814564,NA
"267",1.7,1.7,NA,NA,-0.66526313,0.66526313,-0.07071068,0.0283893,NA
"268",1.7,1.7,NA,NA,-0.66526313,0.66526313,-0.07071068,0.0283893,NA
"269",1.4,2,NA,NA,-0.66526313,0.66526313,0.35355339,0.0283893,NA
"270",1.7,1.7,NA,NA,-0.66526313,0.66526313,-0.07071068,0.0283893,NA
"271",1.6,1.8,NA,NA,-0.66526313,0.66526313,0.07071068,0.0283893,NA
"272",1.8,1.6,NA,NA,-0.66526313,0.66526313,-0.21213203,0.0283893,NA
"273",1.7,1.8,NA,NA,-0.66809351,0.66809351,0,0.02862943,NA
"274",1.6,1.9,NA,NA,-0.66809351,0.66809351,0.14142136,0.02862943,NA
"275",1.7,1.8,NA,NA,-0.66809351,0.66809351,0,0.02862943,NA
"276",1.5,2,NA,NA,-0.66809351,0.66809351,0.28284271,0.02862943,NA
"277",1.4,2.1,NA,NA,-0.66809351,0.66809351,0.42426407,0.02862943,NA
"278",1.4,2.1,NA,NA,-0.66809351,0.66809351,0.42426407,0.02862943,NA
"279",1.5,2,NA,NA,-0.66809351,0.66809351,0.28284271,0.02862943,NA
"280",1.8,1.8,NA,NA,-0.67086966,0.67086966,-0.07071068,0.02886598,NA
"281",2,1.6,NA,NA,-0.67086966,0.67086966,-0.35355339,0.02886598,NA
"282",1.6,2,NA,NA,-0.67086966,0.67086966,0.21213203,0.02886598,NA
"283",1.6,2,NA,NA,-0.67086966,0.67086966,0.21213203,0.02886598,NA
"284",1.5,2.1,NA,NA,-0.67086966,0.67086966,0.35355339,0.02886598,NA
"285",1.7,1.9,NA,NA,-0.67086966,0.67086966,0.07071068,0.02886598,NA
"286",1.7,1.9,NA,NA,-0.67086966,0.67086966,0.07071068,0.02886598,NA
"287",1.6,2,NA,NA,-0.67086966,0.67086966,0.21213203,0.02886598,NA
"288",1.6,2,NA,NA,-0.67086966,0.67086966,0.21213203,0.02886598,NA
"289",1.8,1.8,NA,NA,-0.67086966,0.67086966,-0.07071068,0.02886598,NA
"290",1.6,2,NA,NA,-0.67086966,0.67086966,0.21213203,0.02886598,NA
"291",1.5,2.1,NA,NA,-0.67086966,0.67086966,0.35355339,0.02886598,NA
"292",1.6,2,NA,NA,-0.67086966,0.67086966,0.21213203,0.02886598,NA
"293",1.4,2.3,NA,NA,-0.67359326,0.67359326,0.56568542,0.02909901,NA
"294",1.7,2,NA,NA,-0.67359326,0.67359326,0.14142136,0.02909901,NA
"295",1.7,2,NA,NA,-0.67359326,0.67359326,0.14142136,0.02909901,NA
"296",1.7,2,NA,NA,-0.67359326,0.67359326,0.14142136,0.02909901,NA
"297",1.7,2,NA,NA,-0.67359326,0.67359326,0.14142136,0.02909901,NA
"298",1.6,2.1,NA,NA,-0.67359326,0.67359326,0.28284271,0.02909901,NA
"299",1.7,2,NA,NA,-0.67359326,0.67359326,0.14142136,0.02909901,NA
"300",1.7,2,NA,NA,-0.67359326,0.67359326,0.14142136,0.02909901,NA
"301",1.7,2,NA,NA,-0.67359326,0.67359326,0.14142136,0.02909901,NA
"302",1.9,1.8,NA,NA,-0.67359326,0.67359326,-0.14142136,0.02909901,NA
"303",1.7,2,NA,NA,-0.67359326,0.67359326,0.14142136,0.02909901,NA
"304",1.7,2,NA,NA,-0.67359326,0.67359326,0.14142136,0.02909901,NA
"305",1.7,2,NA,NA,-0.67359326,0.67359326,0.14142136,0.02909901,NA
"306",1.8,2,NA,NA,-0.67626703,0.67626703,0.07071068,0.02932867,NA
"307",1.8,2,NA,NA,-0.67626703,0.67626703,0.07071068,0.02932867,NA
"308",1.8,2,NA,NA,-0.67626703,0.67626703,0.07071068,0.02932867,NA
"309",1.8,2,NA,NA,-0.67626703,0.67626703,0.07071068,0.02932867,NA
"310",1.8,2,NA,NA,-0.67626703,0.67626703,0.07071068,0.02932867,NA
"311",1.8,2,NA,NA,-0.67626703,0.67626703,0.07071068,0.02932867,NA
"312",1.7,2.1,NA,NA,-0.67626703,0.67626703,0.21213203,0.02932867,NA
"313",1.8,2,NA,NA,-0.67626703,0.67626703,0.07071068,0.02932867,NA
"314",1.8,2,NA,NA,-0.67626703,0.67626703,0.07071068,0.02932867,NA
"315",1.7,2.1,NA,NA,-0.67626703,0.67626703,0.21213203,0.02932867,NA
"316",1.8,2,NA,NA,-0.67626703,0.67626703,0.07071068,0.02932867,NA
"317",1.8,2,NA,NA,-0.67626703,0.67626703,0.07071068,0.02932867,NA
"318",1.8,2,NA,NA,-0.67626703,0.67626703,0.07071068,0.02932867,NA
"319",1.9,2,NA,NA,-0.67889449,0.67889449,0,0.02955516,NA
"320",1.9,2,NA,NA,-0.67889449,0.67889449,0,0.02955516,NA
"321",1.9,2,NA,NA,-0.67889449,0.67889449,0,0.02955516,NA
"322",1.9,2,NA,NA,-0.67889449,0.67889449,0,0.02955516,NA
"323",1.9,2,NA,NA,-0.67889449,0.67889449,0,0.02955516,NA
"324",1.9,2,NA,NA,-0.67889449,0.67889449,0,0.02955516,NA
"325",1.9,2,NA,NA,-0.67889449,0.67889449,0,0.02955516,NA
"326",1.9,2,NA,NA,-0.67889449,0.67889449,0,0.02955516,NA
"327",1.9,2,NA,NA,-0.67889449,0.67889449,0,0.02955516,NA
"328",1.9,2,NA,NA,-0.67889449,0.67889449,0,0.02955516,NA
"329",1.9,2,NA,NA,-0.67889449,0.67889449,0,0.02955516,NA
"330",1.9,2,NA,NA,-0.67889449,0.67889449,0,0.02955516,NA
"331",1.9,2,NA,NA,-0.67889449,0.67889449,0,0.02955516,NA
"332",1.9,2,NA,NA,-0.67889449,0.67889449,0,0.02955516,NA
"333",1.9,2,NA,NA,-0.67889449,0.67889449,0,0.02955516,NA
"334",1.9,2,NA,NA,-0.67889449,0.67889449,0,0.02955516,NA
"335",1.9,2,NA,NA,-0.67889449,0.67889449,0,0.02955516,NA
"336",1.8,2.1,NA,NA,-0.67889449,0.67889449,0.14142136,0.02955516,NA
"337",1.8,2.1,NA,NA,-0.67889449,0.67889449,0.14142136,0.02955516,NA
"338",1.8,2.1,NA,NA,-0.67889449,0.67889449,0.14142136,0.02955516,NA
"339",1.8,2.1,NA,NA,-0.67889449,0.67889449,0.14142136,0.02955516,NA
"340",1.8,2.1,NA,NA,-0.67889449,0.67889449,0.14142136,0.02955516,NA
"341",1.8,2.1,NA,NA,-0.67889449,0.67889449,0.14142136,0.02955516,NA
"342",1.7,2.2,NA,NA,-0.67889449,0.67889449,0.28284271,0.02955516,NA
"343",2,2,NA,NA,-0.68147975,0.68147975,-0.07071068,0.02977874,NA
"344",1.9,2.1,NA,NA,-0.68147975,0.68147975,0.07071068,0.02977874,NA
"345",2,2,NA,NA,-0.68147975,0.68147975,-0.07071068,0.02977874,NA
"346",1.9,2.1,NA,NA,-0.68147975,0.68147975,0.07071068,0.02977874,NA
"347",1.9,2.1,NA,NA,-0.68147975,0.68147975,0.07071068,0.02977874,NA
"348",1.9,2.1,NA,NA,-0.68147975,0.68147975,0.07071068,0.02977874,NA
"349",2,2,NA,NA,-0.68147975,0.68147975,-0.07071068,0.02977874,NA
"350",2,2,NA,NA,-0.68147975,0.68147975,-0.07071068,0.02977874,NA
"351",2,2,NA,NA,-0.68147975,0.68147975,-0.07071068,0.02977874,NA
"352",1.9,2.1,NA,NA,-0.68147975,0.68147975,0.07071068,0.02977874,NA
"353",2,2,NA,NA,-0.68147975,0.68147975,-0.07071068,0.02977874,NA
"354",1.9,2.1,NA,NA,-0.68147975,0.68147975,0.07071068,0.02977874,NA
"355",2,2,NA,NA,-0.68147975,0.68147975,-0.07071068,0.02977874,NA
"356",2,2,NA,NA,-0.68147975,0.68147975,-0.07071068,0.02977874,NA
"357",1.9,2.1,NA,NA,-0.68147975,0.68147975,0.07071068,0.02977874,NA
"358",2,2,NA,NA,-0.68147975,0.68147975,-0.07071068,0.02977874,NA
"359",2.2,1.8,NA,NA,-0.68147975,0.68147975,-0.35355339,0.02977874,NA
"360",1.8,2.2,NA,NA,-0.68147975,0.68147975,0.21213203,0.02977874,NA
"361",2,2.1,NA,NA,-0.68402734,0.68402734,0,0.02999973,NA
"362",1.5,2.6,1.5,2.6,-0.68402734,0.68402734,0.70710678,0.02999973,NA
"363",2.1,2,NA,NA,-0.68402734,0.68402734,-0.14142136,0.02999973,NA
"364",2.1,2,NA,NA,-0.68402734,0.68402734,-0.14142136,0.02999973,NA
"365",2,2.1,NA,NA,-0.68402734,0.68402734,0,0.02999973,NA
"366",2,2.1,NA,NA,-0.68402734,0.68402734,0,0.02999973,NA
"367",2.1,2,NA,NA,-0.68402734,0.68402734,-0.14142136,0.02999973,NA
"368",2,2.1,NA,NA,-0.68402734,0.68402734,0,0.02999973,NA
"369",0.4,3.7,0.4,3.7,-0.68402734,0.68402734,2.2627417,0.02999973,NA
"370",2,2.1,NA,NA,-0.68402734,0.68402734,0,0.02999973,NA
"371",2.1,2,NA,NA,-0.68402734,0.68402734,-0.14142136,0.02999973,NA
"372",2,2.1,NA,NA,-0.68402734,0.68402734,0,0.02999973,NA
"373",1.9,2.2,NA,NA,-0.68402734,0.68402734,0.14142136,0.02999973,NA
"374",2.2,1.9,NA,NA,-0.68402734,0.68402734,-0.28284271,0.02999973,NA
"375",1.9,2.2,NA,NA,-0.68402734,0.68402734,0.14142136,0.02999973,NA
"376",2,2.1,NA,NA,-0.68402734,0.68402734,0,0.02999973,NA
"377",1.6,2.5,NA,NA,-0.68402734,0.68402734,0.56568542,0.02999973,NA
"378",2.1,2,NA,NA,-0.68402734,0.68402734,-0.14142136,0.02999973,NA
"379",1.9,2.2,NA,NA,-0.68402734,0.68402734,0.14142136,0.02999973,NA
"380",2,2.1,NA,NA,-0.68402734,0.68402734,0,0.02999973,NA
"381",2,2.1,NA,NA,-0.68402734,0.68402734,0,0.02999973,NA
"382",2,2.1,NA,NA,-0.68402734,0.68402734,0,0.02999973,NA
"383",2.1,2,NA,NA,-0.68402734,0.68402734,-0.14142136,0.02999973,NA
"384",2,2.1,NA,NA,-0.68402734,0.68402734,0,0.02999973,NA
"385",2.1,2,NA,NA,-0.68402734,0.68402734,-0.14142136,0.02999973,NA
"386",2,2.1,NA,NA,-0.68402734,0.68402734,0,0.02999973,NA
"387",1.7,2.4,NA,NA,-0.68402734,0.68402734,0.42426407,0.02999973,NA
"388",2.1,2,NA,NA,-0.68402734,0.68402734,-0.14142136,0.02999973,NA
"389",2.1,2,NA,NA,-0.68402734,0.68402734,-0.14142136,0.02999973,NA
"390",1.9,2.2,NA,NA,-0.68402734,0.68402734,0.14142136,0.02999973,NA
"391",1.9,2.2,NA,NA,-0.68402734,0.68402734,0.14142136,0.02999973,NA
"392",2.1,2,NA,NA,-0.68402734,0.68402734,-0.14142136,0.02999973,NA
"393",1.9,2.2,NA,NA,-0.68402734,0.68402734,0.14142136,0.02999973,NA
"394",2.2,2,NA,NA,-0.68654198,0.68654198,-0.21213203,0.03021842,NA
"395",2.2,2,NA,NA,-0.68654198,0.68654198,-0.21213203,0.03021842,NA
"396",2.1,2.1,NA,NA,-0.68654198,0.68654198,-0.07071068,0.03021842,NA
"397",2.1,2.1,NA,NA,-0.68654198,0.68654198,-0.07071068,0.03021842,NA
"398",2.1,2.1,NA,NA,-0.68654198,0.68654198,-0.07071068,0.03021842,NA
"399",2,2.2,NA,NA,-0.68654198,0.68654198,0.07071068,0.03021842,NA
"400",2,2.2,NA,NA,-0.68654198,0.68654198,0.07071068,0.03021842,NA
"401",2,2.2,NA,NA,-0.68654198,0.68654198,0.07071068,0.03021842,NA
"402",2,2.2,NA,NA,-0.68654198,0.68654198,0.07071068,0.03021842,NA
"403",2.2,2,NA,NA,-0.68654198,0.68654198,-0.21213203,0.03021842,NA
"404",2.2,2,NA,NA,-0.68654198,0.68654198,-0.21213203,0.03021842,NA
"405",2,2.2,NA,NA,-0.68654198,0.68654198,0.07071068,0.03021842,NA
"406",2.2,2,NA,NA,-0.68654198,0.68654198,-0.21213203,0.03021842,NA
"407",2.2,2,NA,NA,-0.68654198,0.68654198,-0.21213203,0.03021842,NA
"408",2.1,2.1,NA,NA,-0.68654198,0.68654198,-0.07071068,0.03021842,NA
"409",1.9,2.3,NA,NA,-0.68654198,0.68654198,0.21213203,0.03021842,NA
"410",2.2,2,NA,NA,-0.68654198,0.68654198,-0.21213203,0.03021842,NA
"411",1.9,2.3,NA,NA,-0.68654198,0.68654198,0.21213203,0.03021842,NA
"412",2.1,2.1,NA,NA,-0.68654198,0.68654198,-0.07071068,0.03021842,NA
"413",2.1,2.1,NA,NA,-0.68654198,0.68654198,-0.07071068,0.03021842,NA
"414",2,2.2,NA,NA,-0.68654198,0.68654198,0.07071068,0.03021842,NA
"415",2.1,2.1,NA,NA,-0.68654198,0.68654198,-0.07071068,0.03021842,NA
"416",2.1,2.1,NA,NA,-0.68654198,0.68654198,-0.07071068,0.03021842,NA
"417",2.2,2,NA,NA,-0.68654198,0.68654198,-0.21213203,0.03021842,NA
"418",1.8,2.4,NA,NA,-0.68654198,0.68654198,0.35355339,0.03021842,NA
"419",1.8,2.4,NA,NA,-0.68654198,0.68654198,0.35355339,0.03021842,NA
"420",1.9,2.3,NA,NA,-0.68654198,0.68654198,0.21213203,0.03021842,NA
"421",1.9,2.3,NA,NA,-0.68654198,0.68654198,0.21213203,0.03021842,NA
"422",2.1,2.1,NA,NA,-0.68654198,0.68654198,-0.07071068,0.03021842,NA
"423",1.9,2.3,NA,NA,-0.68654198,0.68654198,0.21213203,0.03021842,NA
"424",1.9,2.3,NA,NA,-0.68654198,0.68654198,0.21213203,0.03021842,NA
"425",2.2,2,NA,NA,-0.68654198,0.68654198,-0.21213203,0.03021842,NA
"426",1.9,2.3,NA,NA,-0.68654198,0.68654198,0.21213203,0.03021842,NA
"427",2.1,2.1,NA,NA,-0.68654198,0.68654198,-0.07071068,0.03021842,NA
"428",2,2.2,NA,NA,-0.68654198,0.68654198,0.07071068,0.03021842,NA
"429",2,2.2,NA,NA,-0.68654198,0.68654198,0.07071068,0.03021842,NA
"430",2.1,2.1,NA,NA,-0.68654198,0.68654198,-0.07071068,0.03021842,NA
"431",1.9,2.3,NA,NA,-0.68654198,0.68654198,0.21213203,0.03021842,NA
"432",2,2.2,NA,NA,-0.68654198,0.68654198,0.07071068,0.03021842,NA
"433",2.3,2,NA,NA,-0.68902842,0.68902842,-0.28284271,0.03043515,NA
"434",2,2.3,NA,NA,-0.68902842,0.68902842,0.14142136,0.03043515,NA
"435",2,2.3,NA,NA,-0.68902842,0.68902842,0.14142136,0.03043515,NA
"436",2,2.3,NA,NA,-0.68902842,0.68902842,0.14142136,0.03043515,NA
"437",2.3,2,NA,NA,-0.68902842,0.68902842,-0.28284271,0.03043515,NA
"438",2,2.3,NA,NA,-0.68902842,0.68902842,0.14142136,0.03043515,NA
"439",2.3,2,NA,NA,-0.68902842,0.68902842,-0.28284271,0.03043515,NA
"440",1.9,2.4,NA,NA,-0.68902842,0.68902842,0.28284271,0.03043515,NA
"441",2,2.3,NA,NA,-0.68902842,0.68902842,0.14142136,0.03043515,NA
"442",2,2.3,NA,NA,-0.68902842,0.68902842,0.14142136,0.03043515,NA
"443",2,2.3,NA,NA,-0.68902842,0.68902842,0.14142136,0.03043515,NA
"444",2.1,2.2,NA,NA,-0.68902842,0.68902842,0,0.03043515,NA
"445",2.1,2.2,NA,NA,-0.68902842,0.68902842,0,0.03043515,NA
"446",2.1,2.2,NA,NA,-0.68902842,0.68902842,0,0.03043515,NA
"447",2.1,2.2,NA,NA,-0.68902842,0.68902842,0,0.03043515,NA
"448",2.2,2.1,NA,NA,-0.68902842,0.68902842,-0.14142136,0.03043515,NA
"449",2.2,2.1,NA,NA,-0.68902842,0.68902842,-0.14142136,0.03043515,NA
"450",2.1,2.2,NA,NA,-0.68902842,0.68902842,0,0.03043515,NA
"451",2.2,2.1,NA,NA,-0.68902842,0.68902842,-0.14142136,0.03043515,NA
"452",2.1,2.2,NA,NA,-0.68902842,0.68902842,0,0.03043515,NA
"453",2.2,2.1,NA,NA,-0.68902842,0.68902842,-0.14142136,0.03043515,NA
"454",2.2,2.1,NA,NA,-0.68902842,0.68902842,-0.14142136,0.03043515,NA
"455",2.2,2.1,NA,NA,-0.68902842,0.68902842,-0.14142136,0.03043515,NA
"456",2.1,2.2,NA,NA,-0.68902842,0.68902842,0,0.03043515,NA
"457",2.1,2.2,NA,NA,-0.68902842,0.68902842,0,0.03043515,NA
"458",2.2,2.2,NA,NA,-0.69149132,0.69149132,-0.07071068,0.03065024,NA
"459",2.1,2.3,NA,NA,-0.69149132,0.69149132,0.07071068,0.03065024,NA
"460",2.3,2.1,NA,NA,-0.69149132,0.69149132,-0.21213203,0.03065024,NA
"461",2.2,2.2,NA,NA,-0.69149132,0.69149132,-0.07071068,0.03065024,NA
"462",2.2,2.2,NA,NA,-0.69149132,0.69149132,-0.07071068,0.03065024,NA
"463",2.1,2.3,NA,NA,-0.69149132,0.69149132,0.07071068,0.03065024,NA
"464",2.3,2.1,NA,NA,-0.69149132,0.69149132,-0.21213203,0.03065024,NA
"465",2,2.4,NA,NA,-0.69149132,0.69149132,0.21213203,0.03065024,NA
"466",2.2,2.2,NA,NA,-0.69149132,0.69149132,-0.07071068,0.03065024,NA
"467",2.2,2.2,NA,NA,-0.69149132,0.69149132,-0.07071068,0.03065024,NA
"468",2.4,2,NA,NA,-0.69149132,0.69149132,-0.35355339,0.03065024,NA
"469",2.3,2.1,NA,NA,-0.69149132,0.69149132,-0.21213203,0.03065024,NA
"470",2.2,2.2,NA,NA,-0.69149132,0.69149132,-0.07071068,0.03065024,NA
"471",2.2,2.2,NA,NA,-0.69149132,0.69149132,-0.07071068,0.03065024,NA
"472",2.3,2.1,NA,NA,-0.69149132,0.69149132,-0.21213203,0.03065024,NA
"473",2.2,2.2,NA,NA,-0.69149132,0.69149132,-0.07071068,0.03065024,NA
"474",2.2,2.2,NA,NA,-0.69149132,0.69149132,-0.07071068,0.03065024,NA
"475",2.4,2,NA,NA,-0.69149132,0.69149132,-0.35355339,0.03065024,NA
"476",2.3,2.1,NA,NA,-0.69149132,0.69149132,-0.21213203,0.03065024,NA
"477",2.2,2.2,NA,NA,-0.69149132,0.69149132,-0.07071068,0.03065024,NA
"478",2.3,2.1,NA,NA,-0.69149132,0.69149132,-0.21213203,0.03065024,NA
"479",2.1,2.3,NA,NA,-0.69149132,0.69149132,0.07071068,0.03065024,NA
"480",2.1,2.3,NA,NA,-0.69149132,0.69149132,0.07071068,0.03065024,NA
"481",2.3,2.1,NA,NA,-0.69149132,0.69149132,-0.21213203,0.03065024,NA
"482",2.2,2.2,NA,NA,-0.69149132,0.69149132,-0.07071068,0.03065024,NA
"483",2.3,2.1,NA,NA,-0.69149132,0.69149132,-0.21213203,0.03065024,NA
"484",2.2,2.2,NA,NA,-0.69149132,0.69149132,-0.07071068,0.03065024,NA
"485",2.3,2.1,NA,NA,-0.69149132,0.69149132,-0.21213203,0.03065024,NA
"486",2,2.5,NA,NA,-0.69393506,0.69393506,0.28284271,0.03086398,NA
"487",2,2.5,NA,NA,-0.69393506,0.69393506,0.28284271,0.03086398,NA
"488",2.3,2.2,NA,NA,-0.69393506,0.69393506,-0.14142136,0.03086398,NA
"489",2.3,2.2,NA,NA,-0.69393506,0.69393506,-0.14142136,0.03086398,NA
"490",2.4,2.1,NA,NA,-0.69393506,0.69393506,-0.28284271,0.03086398,NA
"491",2.3,2.2,NA,NA,-0.69393506,0.69393506,-0.14142136,0.03086398,NA
"492",2.2,2.3,NA,NA,-0.69393506,0.69393506,0,0.03086398,NA
"493",2.2,2.3,NA,NA,-0.69393506,0.69393506,0,0.03086398,NA
"494",2.1,2.4,NA,NA,-0.69393506,0.69393506,0.14142136,0.03086398,NA
"495",2.3,2.2,NA,NA,-0.69393506,0.69393506,-0.14142136,0.03086398,NA
"496",2.2,2.3,NA,NA,-0.69393506,0.69393506,0,0.03086398,NA
"497",2.1,2.4,NA,NA,-0.69393506,0.69393506,0.14142136,0.03086398,NA
"498",2,2.5,NA,NA,-0.69393506,0.69393506,0.28284271,0.03086398,NA
"499",2.2,2.3,NA,NA,-0.69393506,0.69393506,0,0.03086398,NA
"500",2.3,2.2,NA,NA,-0.69393506,0.69393506,-0.14142136,0.03086398,NA
"501",2.6,1.9,NA,NA,-0.69393506,0.69393506,-0.56568542,0.03086398,NA
"502",2.3,2.2,NA,NA,-0.69393506,0.69393506,-0.14142136,0.03086398,NA
"503",2.2,2.3,NA,NA,-0.69393506,0.69393506,0,0.03086398,NA
"504",2.2,2.3,NA,NA,-0.69393506,0.69393506,0,0.03086398,NA
"505",2.2,2.3,NA,NA,-0.69393506,0.69393506,0,0.03086398,NA
"506",2.2,2.3,NA,NA,-0.69393506,0.69393506,0,0.03086398,NA
"507",2.5,2,NA,NA,-0.69393506,0.69393506,-0.42426407,0.03086398,NA
"508",2.3,2.2,NA,NA,-0.69393506,0.69393506,-0.14142136,0.03086398,NA
"509",2.1,2.4,NA,NA,-0.69393506,0.69393506,0.14142136,0.03086398,NA
"510",2.2,2.3,NA,NA,-0.69393506,0.69393506,0,0.03086398,NA
"511",2.2,2.3,NA,NA,-0.69393506,0.69393506,0,0.03086398,NA
"512",1.8,2.7,NA,NA,-0.69393506,0.69393506,0.56568542,0.03086398,NA
"513",2.1,2.4,NA,NA,-0.69393506,0.69393506,0.14142136,0.03086398,NA
"514",2,2.5,NA,NA,-0.69393506,0.69393506,0.28284271,0.03086398,NA
"515",2,2.5,NA,NA,-0.69393506,0.69393506,0.28284271,0.03086398,NA
"516",2.1,2.4,NA,NA,-0.69393506,0.69393506,0.14142136,0.03086398,NA
"517",2.4,2.1,NA,NA,-0.69393506,0.69393506,-0.28284271,0.03086398,NA
"518",2.3,2.3,NA,NA,-0.69636366,0.69636366,-0.07071068,0.03107666,NA
"519",2.3,2.3,NA,NA,-0.69636366,0.69636366,-0.07071068,0.03107666,NA
"520",2.3,2.3,NA,NA,-0.69636366,0.69636366,-0.07071068,0.03107666,NA
"521",2.3,2.3,NA,NA,-0.69636366,0.69636366,-0.07071068,0.03107666,NA
"522",2.3,2.3,NA,NA,-0.69636366,0.69636366,-0.07071068,0.03107666,NA
"523",2.3,2.3,NA,NA,-0.69636366,0.69636366,-0.07071068,0.03107666,NA
"524",2.3,2.3,NA,NA,-0.69636366,0.69636366,-0.07071068,0.03107666,NA
"525",2.4,2.2,NA,NA,-0.69636366,0.69636366,-0.21213203,0.03107666,NA
"526",2.1,2.5,NA,NA,-0.69636366,0.69636366,0.21213203,0.03107666,NA
"527",2.2,2.4,NA,NA,-0.69636366,0.69636366,0.07071068,0.03107666,NA
"528",2.2,2.4,NA,NA,-0.69636366,0.69636366,0.07071068,0.03107666,NA
"529",2.2,2.4,NA,NA,-0.69636366,0.69636366,0.07071068,0.03107666,NA
"530",2,2.6,NA,NA,-0.69636366,0.69636366,0.35355339,0.03107666,NA
"531",2.1,2.5,NA,NA,-0.69636366,0.69636366,0.21213203,0.03107666,NA
"532",2.5,2.1,NA,NA,-0.69636366,0.69636366,-0.35355339,0.03107666,NA
"533",2.4,2.2,NA,NA,-0.69636366,0.69636366,-0.21213203,0.03107666,NA
"534",2.2,2.4,NA,NA,-0.69636366,0.69636366,0.07071068,0.03107666,NA
"535",2,2.6,NA,NA,-0.69636366,0.69636366,0.35355339,0.03107666,NA
"536",2.2,2.4,NA,NA,-0.69636366,0.69636366,0.07071068,0.03107666,NA
"537",2.2,2.4,NA,NA,-0.69636366,0.69636366,0.07071068,0.03107666,NA
"538",2.4,2.2,NA,NA,-0.69636366,0.69636366,-0.21213203,0.03107666,NA
"539",2.4,2.2,NA,NA,-0.69636366,0.69636366,-0.21213203,0.03107666,NA
"540",2.2,2.4,NA,NA,-0.69636366,0.69636366,0.07071068,0.03107666,NA
"541",2.2,2.4,NA,NA,-0.69636366,0.69636366,0.07071068,0.03107666,NA
"542",2.2,2.4,NA,NA,-0.69636366,0.69636366,0.07071068,0.03107666,NA
"543",2.2,2.4,NA,NA,-0.69636366,0.69636366,0.07071068,0.03107666,NA
"544",2.1,2.5,NA,NA,-0.69636366,0.69636366,0.21213203,0.03107666,NA
"545",2.1,2.5,NA,NA,-0.69636366,0.69636366,0.21213203,0.03107666,NA
"546",2.2,2.4,NA,NA,-0.69636366,0.69636366,0.07071068,0.03107666,NA
"547",2.1,2.5,NA,NA,-0.69636366,0.69636366,0.21213203,0.03107666,NA
"548",2.2,2.5,NA,NA,-0.69878068,0.69878068,0.14142136,0.03128851,NA
"549",2.2,2.5,NA,NA,-0.69878068,0.69878068,0.14142136,0.03128851,NA
"550",2.2,2.5,NA,NA,-0.69878068,0.69878068,0.14142136,0.03128851,NA
"551",2.4,2.3,NA,NA,-0.69878068,0.69878068,-0.14142136,0.03128851,NA
"552",2.2,2.5,NA,NA,-0.69878068,0.69878068,0.14142136,0.03128851,NA
"553",2.2,2.5,NA,NA,-0.69878068,0.69878068,0.14142136,0.03128851,NA
"554",2.2,2.5,NA,NA,-0.69878068,0.69878068,0.14142136,0.03128851,NA
"555",2.3,2.4,NA,NA,-0.69878068,0.69878068,0,0.03128851,NA
"556",2.1,2.6,NA,NA,-0.69878068,0.69878068,0.28284271,0.03128851,NA
"557",2.4,2.3,NA,NA,-0.69878068,0.69878068,-0.14142136,0.03128851,NA
"558",2.4,2.3,NA,NA,-0.69878068,0.69878068,-0.14142136,0.03128851,NA
"559",2.4,2.3,NA,NA,-0.69878068,0.69878068,-0.14142136,0.03128851,NA
"560",2.3,2.4,NA,NA,-0.69878068,0.69878068,0,0.03128851,NA
"561",2.1,2.6,NA,NA,-0.69878068,0.69878068,0.28284271,0.03128851,NA
"562",2.4,2.3,NA,NA,-0.69878068,0.69878068,-0.14142136,0.03128851,NA
"563",2.2,2.5,NA,NA,-0.69878068,0.69878068,0.14142136,0.03128851,NA
"564",2.1,2.6,NA,NA,-0.69878068,0.69878068,0.28284271,0.03128851,NA
"565",2.2,2.5,NA,NA,-0.69878068,0.69878068,0.14142136,0.03128851,NA
"566",2.2,2.5,NA,NA,-0.69878068,0.69878068,0.14142136,0.03128851,NA
"567",2.3,2.4,NA,NA,-0.69878068,0.69878068,0,0.03128851,NA
"568",2.5,2.3,NA,NA,-0.70118911,0.70118911,-0.21213203,0.03149972,NA
"569",2.3,2.5,NA,NA,-0.70118911,0.70118911,0.07071068,0.03149972,NA
"570",2.4,2.4,NA,NA,-0.70118911,0.70118911,-0.07071068,0.03149972,NA
"571",2.3,2.5,NA,NA,-0.70118911,0.70118911,0.07071068,0.03149972,NA
"572",2.5,2.3,NA,NA,-0.70118911,0.70118911,-0.21213203,0.03149972,NA
"573",2,2.8,NA,NA,-0.70118911,0.70118911,0.49497475,0.03149972,NA
"574",2.3,2.5,NA,NA,-0.70118911,0.70118911,0.07071068,0.03149972,NA
"575",2.4,2.4,NA,NA,-0.70118911,0.70118911,-0.07071068,0.03149972,NA
"576",2.3,2.5,NA,NA,-0.70118911,0.70118911,0.07071068,0.03149972,NA
"577",2.4,2.4,NA,NA,-0.70118911,0.70118911,-0.07071068,0.03149972,NA
"578",2.4,2.4,NA,NA,-0.70118911,0.70118911,-0.07071068,0.03149972,NA
"579",2.3,2.5,NA,NA,-0.70118911,0.70118911,0.07071068,0.03149972,NA
"580",2,2.8,NA,NA,-0.70118911,0.70118911,0.49497475,0.03149972,NA
"581",2.2,2.6,NA,NA,-0.70118911,0.70118911,0.21213203,0.03149972,NA
"582",2.4,2.4,NA,NA,-0.70118911,0.70118911,-0.07071068,0.03149972,NA
"583",2.5,2.3,NA,NA,-0.70118911,0.70118911,-0.21213203,0.03149972,NA
"584",1.9,2.9,NA,NA,-0.70118911,0.70118911,0.6363961,0.03149972,NA
"585",2.4,2.4,NA,NA,-0.70118911,0.70118911,-0.07071068,0.03149972,NA
"586",2.2,2.6,NA,NA,-0.70118911,0.70118911,0.21213203,0.03149972,NA
"587",2.3,2.5,NA,NA,-0.70118911,0.70118911,0.07071068,0.03149972,NA
"588",2.2,2.6,NA,NA,-0.70118911,0.70118911,0.21213203,0.03149972,NA
"589",2.3,2.5,NA,NA,-0.70118911,0.70118911,0.07071068,0.03149972,NA
"590",2.1,2.7,NA,NA,-0.70118911,0.70118911,0.35355339,0.03149972,NA
"591",2.3,2.5,NA,NA,-0.70118911,0.70118911,0.07071068,0.03149972,NA
"592",2.4,2.4,NA,NA,-0.70118911,0.70118911,-0.07071068,0.03149972,NA
"593",1.8,3,1.8,3,-0.70118911,0.70118911,0.77781746,0.03149972,NA
"594",2.4,2.4,NA,NA,-0.70118911,0.70118911,-0.07071068,0.03149972,NA
"595",2.5,2.3,NA,NA,-0.70118911,0.70118911,-0.21213203,0.03149972,NA
"596",2.2,2.6,NA,NA,-0.70118911,0.70118911,0.21213203,0.03149972,NA
"597",2.6,2.2,NA,NA,-0.70118911,0.70118911,-0.35355339,0.03149972,NA
"598",2.3,2.6,NA,NA,-0.70359131,0.70359131,0.14142136,0.03171044,NA
"599",2.3,2.6,NA,NA,-0.70359131,0.70359131,0.14142136,0.03171044,NA
"600",2.3,2.6,NA,NA,-0.70359131,0.70359131,0.14142136,0.03171044,NA
"601",2.3,2.6,NA,NA,-0.70359131,0.70359131,0.14142136,0.03171044,NA
"602",2.3,2.6,NA,NA,-0.70359131,0.70359131,0.14142136,0.03171044,NA
"603",2.4,2.5,NA,NA,-0.70359131,0.70359131,0,0.03171044,NA
"604",2.5,2.4,NA,NA,-0.70359131,0.70359131,-0.14142136,0.03171044,NA
"605",2.2,2.7,NA,NA,-0.70359131,0.70359131,0.28284271,0.03171044,NA
"606",2.4,2.5,NA,NA,-0.70359131,0.70359131,0,0.03171044,NA
"607",2.5,2.4,NA,NA,-0.70359131,0.70359131,-0.14142136,0.03171044,NA
"608",2.4,2.5,NA,NA,-0.70359131,0.70359131,0,0.03171044,NA
"609",2.4,2.5,NA,NA,-0.70359131,0.70359131,0,0.03171044,NA
"610",2.2,2.7,NA,NA,-0.70359131,0.70359131,0.28284271,0.03171044,NA
"611",2.6,2.3,NA,NA,-0.70359131,0.70359131,-0.28284271,0.03171044,NA
"612",2.4,2.5,NA,NA,-0.70359131,0.70359131,0,0.03171044,NA
"613",2.5,2.4,NA,NA,-0.70359131,0.70359131,-0.14142136,0.03171044,NA
"614",2.4,2.5,NA,NA,-0.70359131,0.70359131,0,0.03171044,NA
"615",2.4,2.5,NA,NA,-0.70359131,0.70359131,0,0.03171044,NA
"616",2.6,2.4,NA,NA,-0.70598895,0.70598895,-0.21213203,0.03192075,NA
"617",2.6,2.4,NA,NA,-0.70598895,0.70598895,-0.21213203,0.03192075,NA
"618",2.5,2.5,NA,NA,-0.70598895,0.70598895,-0.07071068,0.03192075,NA
"619",2.3,2.7,NA,NA,-0.70598895,0.70598895,0.21213203,0.03192075,NA
"620",2.4,2.6,NA,NA,-0.70598895,0.70598895,0.07071068,0.03192075,NA
"621",2.5,2.5,NA,NA,-0.70598895,0.70598895,-0.07071068,0.03192075,NA
"622",2.6,2.4,NA,NA,-0.70598895,0.70598895,-0.21213203,0.03192075,NA
"623",2.4,2.6,NA,NA,-0.70598895,0.70598895,0.07071068,0.03192075,NA
"624",2.4,2.6,NA,NA,-0.70598895,0.70598895,0.07071068,0.03192075,NA
"625",2.5,2.5,NA,NA,-0.70598895,0.70598895,-0.07071068,0.03192075,NA
"626",2.5,2.5,NA,NA,-0.70598895,0.70598895,-0.07071068,0.03192075,NA
"627",2.6,2.4,NA,NA,-0.70598895,0.70598895,-0.21213203,0.03192075,NA
"628",2.4,2.6,NA,NA,-0.70598895,0.70598895,0.07071068,0.03192075,NA
"629",2.3,2.7,NA,NA,-0.70598895,0.70598895,0.21213203,0.03192075,NA
"630",2.5,2.5,NA,NA,-0.70598895,0.70598895,-0.07071068,0.03192075,NA
"631",2.4,2.6,NA,NA,-0.70598895,0.70598895,0.07071068,0.03192075,NA
"632",2.5,2.5,NA,NA,-0.70598895,0.70598895,-0.07071068,0.03192075,NA
"633",2.5,2.5,NA,NA,-0.70598895,0.70598895,-0.07071068,0.03192075,NA
"634",2.3,2.7,NA,NA,-0.70598895,0.70598895,0.21213203,0.03192075,NA
"635",2.4,2.6,NA,NA,-0.70598895,0.70598895,0.07071068,0.03192075,NA
"636",2.4,2.6,NA,NA,-0.70598895,0.70598895,0.07071068,0.03192075,NA
"637",2.8,2.2,NA,NA,-0.70598895,0.70598895,-0.49497475,0.03192075,NA
"638",2.4,2.7,NA,NA,-0.70838296,0.70838296,0.14142136,0.03213069,NA
"639",2.4,2.7,NA,NA,-0.70838296,0.70838296,0.14142136,0.03213069,NA
"640",2.2,2.9,NA,NA,-0.70838296,0.70838296,0.42426407,0.03213069,NA
"641",2.4,2.7,NA,NA,-0.70838296,0.70838296,0.14142136,0.03213069,NA
"642",2.4,2.7,NA,NA,-0.70838296,0.70838296,0.14142136,0.03213069,NA
"643",2.4,2.7,NA,NA,-0.70838296,0.70838296,0.14142136,0.03213069,NA
"644",2.5,2.6,NA,NA,-0.70838296,0.70838296,0,0.03213069,NA
"645",2.5,2.6,NA,NA,-0.70838296,0.70838296,0,0.03213069,NA
"646",2.5,2.6,NA,NA,-0.70838296,0.70838296,0,0.03213069,NA
"647",2.7,2.4,NA,NA,-0.70838296,0.70838296,-0.28284271,0.03213069,NA
"648",2.5,2.6,NA,NA,-0.70838296,0.70838296,0,0.03213069,NA
"649",2.6,2.5,NA,NA,-0.70838296,0.70838296,-0.14142136,0.03213069,NA
"650",2.5,2.6,NA,NA,-0.70838296,0.70838296,0,0.03213069,NA
"651",2.7,2.4,NA,NA,-0.70838296,0.70838296,-0.28284271,0.03213069,NA
"652",2.7,2.4,NA,NA,-0.70838296,0.70838296,-0.28284271,0.03213069,NA
"653",2.5,2.6,NA,NA,-0.70838296,0.70838296,0,0.03213069,NA
"654",2.5,2.6,NA,NA,-0.70838296,0.70838296,0,0.03213069,NA
"655",2.5,2.6,NA,NA,-0.70838296,0.70838296,0,0.03213069,NA
"656",2.7,2.4,NA,NA,-0.70838296,0.70838296,-0.28284271,0.03213069,NA
"657",2.6,2.5,NA,NA,-0.70838296,0.70838296,-0.14142136,0.03213069,NA
"658",2.4,2.8,NA,NA,-0.71077347,0.71077347,0.21213203,0.03234021,NA
"659",2.4,2.8,NA,NA,-0.71077347,0.71077347,0.21213203,0.03234021,NA
"660",2.4,2.8,NA,NA,-0.71077347,0.71077347,0.21213203,0.03234021,NA
"661",2.4,2.8,NA,NA,-0.71077347,0.71077347,0.21213203,0.03234021,NA
"662",2.6,2.6,NA,NA,-0.71077347,0.71077347,-0.07071068,0.03234021,NA
"663",2.6,2.6,NA,NA,-0.71077347,0.71077347,-0.07071068,0.03234021,NA
"664",2.6,2.6,NA,NA,-0.71077347,0.71077347,-0.07071068,0.03234021,NA
"665",2.6,2.6,NA,NA,-0.71077347,0.71077347,-0.07071068,0.03234021,NA
"666",2.6,2.6,NA,NA,-0.71077347,0.71077347,-0.07071068,0.03234021,NA
"667",2.6,2.6,NA,NA,-0.71077347,0.71077347,-0.07071068,0.03234021,NA
"668",2.7,2.5,NA,NA,-0.71077347,0.71077347,-0.21213203,0.03234021,NA
"669",2.5,2.7,NA,NA,-0.71077347,0.71077347,0.07071068,0.03234021,NA
"670",2.6,2.6,NA,NA,-0.71077347,0.71077347,-0.07071068,0.03234021,NA
"671",2.5,2.7,NA,NA,-0.71077347,0.71077347,0.07071068,0.03234021,NA
"672",2.6,2.6,NA,NA,-0.71077347,0.71077347,-0.07071068,0.03234021,NA
"673",2.6,2.6,NA,NA,-0.71077347,0.71077347,-0.07071068,0.03234021,NA
"674",2.7,2.5,NA,NA,-0.71077347,0.71077347,-0.21213203,0.03234021,NA
"675",2.5,2.7,NA,NA,-0.71077347,0.71077347,0.07071068,0.03234021,NA
"676",2.5,2.7,NA,NA,-0.71077347,0.71077347,0.07071068,0.03234021,NA
"677",2.7,2.5,NA,NA,-0.71077347,0.71077347,-0.21213203,0.03234021,NA
"678",2.6,2.6,NA,NA,-0.71077347,0.71077347,-0.07071068,0.03234021,NA
"679",2.5,2.7,NA,NA,-0.71077347,0.71077347,0.07071068,0.03234021,NA
"680",2.7,2.5,NA,NA,-0.71077347,0.71077347,-0.21213203,0.03234021,NA
"681",2.5,2.7,NA,NA,-0.71077347,0.71077347,0.07071068,0.03234021,NA
"682",2.6,2.6,NA,NA,-0.71077347,0.71077347,-0.07071068,0.03234021,NA
"683",2.5,2.7,NA,NA,-0.71077347,0.71077347,0.07071068,0.03234021,NA
"684",2.5,2.7,NA,NA,-0.71077347,0.71077347,0.07071068,0.03234021,NA
"685",2.6,2.7,NA,NA,-0.71315984,0.71315984,0,0.03254922,NA
"686",2.3,3,NA,NA,-0.71315984,0.71315984,0.42426407,0.03254922,NA
"687",2.6,2.7,NA,NA,-0.71315984,0.71315984,0,0.03254922,NA
"688",2.7,2.6,NA,NA,-0.71315984,0.71315984,-0.14142136,0.03254922,NA
"689",2.5,2.8,NA,NA,-0.71315984,0.71315984,0.14142136,0.03254922,NA
"690",2.5,2.8,NA,NA,-0.71315984,0.71315984,0.14142136,0.03254922,NA
"691",2.4,2.9,NA,NA,-0.71315984,0.71315984,0.28284271,0.03254922,NA
"692",2.7,2.6,NA,NA,-0.71315984,0.71315984,-0.14142136,0.03254922,NA
"693",2.5,2.8,NA,NA,-0.71315984,0.71315984,0.14142136,0.03254922,NA
"694",2.7,2.6,NA,NA,-0.71315984,0.71315984,-0.14142136,0.03254922,NA
"695",2.6,2.7,NA,NA,-0.71315984,0.71315984,0,0.03254922,NA
"696",2.6,2.7,NA,NA,-0.71315984,0.71315984,0,0.03254922,NA
"697",2.6,2.7,NA,NA,-0.71315984,0.71315984,0,0.03254922,NA
"698",2.6,2.7,NA,NA,-0.71315984,0.71315984,0,0.03254922,NA
"699",2.5,2.8,NA,NA,-0.71315984,0.71315984,0.14142136,0.03254922,NA
"700",2.7,2.6,NA,NA,-0.71315984,0.71315984,-0.14142136,0.03254922,NA
"701",2.5,2.8,NA,NA,-0.71315984,0.71315984,0.14142136,0.03254922,NA
"702",2.6,2.7,NA,NA,-0.71315984,0.71315984,0,0.03254922,NA
"703",2.6,2.7,NA,NA,-0.71315984,0.71315984,0,0.03254922,NA
"704",2.7,2.6,NA,NA,-0.71315984,0.71315984,-0.14142136,0.03254922,NA
"705",2.7,2.6,NA,NA,-0.71315984,0.71315984,-0.14142136,0.03254922,NA
"706",2.7,2.6,NA,NA,-0.71315984,0.71315984,-0.14142136,0.03254922,NA
"707",2.4,2.9,NA,NA,-0.71315984,0.71315984,0.28284271,0.03254922,NA
"708",2.5,2.9,NA,NA,-0.71554059,0.71554059,0.21213203,0.03275755,NA
"709",2.4,3,NA,NA,-0.71554059,0.71554059,0.35355339,0.03275755,NA
"710",2.5,2.9,NA,NA,-0.71554059,0.71554059,0.21213203,0.03275755,NA
"711",2.6,2.8,NA,NA,-0.71554059,0.71554059,0.07071068,0.03275755,NA
"712",2.8,2.6,NA,NA,-0.71554059,0.71554059,-0.21213203,0.03275755,NA
"713",2.5,2.9,NA,NA,-0.71554059,0.71554059,0.21213203,0.03275755,NA
"714",2.6,2.8,NA,NA,-0.71554059,0.71554059,0.07071068,0.03275755,NA
"715",2.5,2.9,NA,NA,-0.71554059,0.71554059,0.21213203,0.03275755,NA
"716",2.5,2.9,NA,NA,-0.71554059,0.71554059,0.21213203,0.03275755,NA
"717",2.6,2.8,NA,NA,-0.71554059,0.71554059,0.07071068,0.03275755,NA
"718",2.6,2.8,NA,NA,-0.71554059,0.71554059,0.07071068,0.03275755,NA
"719",2.6,2.8,NA,NA,-0.71554059,0.71554059,0.07071068,0.03275755,NA
"720",2.4,3,NA,NA,-0.71554059,0.71554059,0.35355339,0.03275755,NA
"721",2.2,3.2,NA,NA,-0.71554059,0.71554059,0.6363961,0.03275755,NA
"722",2.7,2.7,NA,NA,-0.71554059,0.71554059,-0.07071068,0.03275755,NA
"723",2.7,2.7,NA,NA,-0.71554059,0.71554059,-0.07071068,0.03275755,NA
"724",2.7,2.7,NA,NA,-0.71554059,0.71554059,-0.07071068,0.03275755,NA
"725",2.7,2.7,NA,NA,-0.71554059,0.71554059,-0.07071068,0.03275755,NA
"726",2.7,2.7,NA,NA,-0.71554059,0.71554059,-0.07071068,0.03275755,NA
"727",2.7,2.7,NA,NA,-0.71554059,0.71554059,-0.07071068,0.03275755,NA
"728",2.7,2.7,NA,NA,-0.71554059,0.71554059,-0.07071068,0.03275755,NA
"729",2.6,2.9,NA,NA,-0.7179135,0.7179135,0.14142136,0.03296497,NA
"730",2.4,3.1,NA,NA,-0.7179135,0.7179135,0.42426407,0.03296497,NA
"731",2.5,3,NA,NA,-0.7179135,0.7179135,0.28284271,0.03296497,NA
"732",2.8,2.7,NA,NA,-0.7179135,0.7179135,-0.14142136,0.03296497,NA
"733",2.6,2.9,NA,NA,-0.7179135,0.7179135,0.14142136,0.03296497,NA
"734",2.4,3.1,NA,NA,-0.7179135,0.7179135,0.42426407,0.03296497,NA
"735",2.5,3,NA,NA,-0.7179135,0.7179135,0.28284271,0.03296497,NA
"736",2.8,2.7,NA,NA,-0.7179135,0.7179135,-0.14142136,0.03296497,NA
"737",2.8,2.7,NA,NA,-0.7179135,0.7179135,-0.14142136,0.03296497,NA
"738",2.6,2.9,NA,NA,-0.7179135,0.7179135,0.14142136,0.03296497,NA
"739",2.7,2.8,NA,NA,-0.7179135,0.7179135,0,0.03296497,NA
"740",2.6,2.9,NA,NA,-0.7179135,0.7179135,0.14142136,0.03296497,NA
"741",2.6,2.9,NA,NA,-0.7179135,0.7179135,0.14142136,0.03296497,NA
"742",2.6,2.9,NA,NA,-0.7179135,0.7179135,0.14142136,0.03296497,NA
"743",2.8,2.7,NA,NA,-0.7179135,0.7179135,-0.14142136,0.03296497,NA
"744",2.7,2.8,NA,NA,-0.7179135,0.7179135,0,0.03296497,NA
"745",2.7,2.8,NA,NA,-0.7179135,0.7179135,0,0.03296497,NA
"746",2.8,2.7,NA,NA,-0.7179135,0.7179135,-0.14142136,0.03296497,NA
"747",2.7,2.8,NA,NA,-0.7179135,0.7179135,0,0.03296497,NA
"748",2.7,2.8,NA,NA,-0.7179135,0.7179135,0,0.03296497,NA
"749",3,2.5,NA,NA,-0.7179135,0.7179135,-0.42426407,0.03296497,NA
"750",2.8,2.7,NA,NA,-0.7179135,0.7179135,-0.14142136,0.03296497,NA
"751",2.6,2.9,NA,NA,-0.7179135,0.7179135,0.14142136,0.03296497,NA
"752",2.8,2.7,NA,NA,-0.7179135,0.7179135,-0.14142136,0.03296497,NA
"753",2.6,2.9,NA,NA,-0.7179135,0.7179135,0.14142136,0.03296497,NA
"754",2.8,2.8,NA,NA,-0.72027555,0.72027555,-0.07071068,0.03317117,NA
"755",2.8,2.8,NA,NA,-0.72027555,0.72027555,-0.07071068,0.03317117,NA
"756",2.7,2.9,NA,NA,-0.72027555,0.72027555,0.07071068,0.03317117,NA
"757",2.6,3,NA,NA,-0.72027555,0.72027555,0.21213203,0.03317117,NA
"758",2.9,2.7,NA,NA,-0.72027555,0.72027555,-0.21213203,0.03317117,NA
"759",2.6,3,NA,NA,-0.72027555,0.72027555,0.21213203,0.03317117,NA
"760",2.7,2.9,NA,NA,-0.72027555,0.72027555,0.07071068,0.03317117,NA
"761",2.7,2.9,NA,NA,-0.72027555,0.72027555,0.07071068,0.03317117,NA
"762",2.6,3,NA,NA,-0.72027555,0.72027555,0.21213203,0.03317117,NA
"763",2.5,3.1,NA,NA,-0.72027555,0.72027555,0.35355339,0.03317117,NA
"764",2.8,2.8,NA,NA,-0.72027555,0.72027555,-0.07071068,0.03317117,NA
"765",3,2.6,NA,NA,-0.72027555,0.72027555,-0.35355339,0.03317117,NA
"766",3,2.6,NA,NA,-0.72027555,0.72027555,-0.35355339,0.03317117,NA
"767",2.8,2.9,NA,NA,-0.72262305,0.72262305,0,0.03337582,NA
"768",2.8,2.9,NA,NA,-0.72262305,0.72262305,0,0.03337582,NA
"769",2.3,3.4,NA,NA,-0.72262305,0.72262305,0.70710678,0.03337582,NA
"770",2.8,2.9,NA,NA,-0.72262305,0.72262305,0,0.03337582,NA
"771",2.9,2.8,NA,NA,-0.72262305,0.72262305,-0.14142136,0.03337582,NA
"772",2.9,2.8,NA,NA,-0.72262305,0.72262305,-0.14142136,0.03337582,NA
"773",2.9,2.8,NA,NA,-0.72262305,0.72262305,-0.14142136,0.03337582,NA
"774",2.9,2.8,NA,NA,-0.72262305,0.72262305,-0.14142136,0.03337582,NA
"775",2.7,3,NA,NA,-0.72262305,0.72262305,0.14142136,0.03337582,NA
"776",2.7,3,NA,NA,-0.72262305,0.72262305,0.14142136,0.03337582,NA
"777",2.7,3,NA,NA,-0.72262305,0.72262305,0.14142136,0.03337582,NA
"778",2.5,3.2,NA,NA,-0.72262305,0.72262305,0.42426407,0.03337582,NA
"779",2.7,3,NA,NA,-0.72262305,0.72262305,0.14142136,0.03337582,NA
"780",2.6,3.1,NA,NA,-0.72262305,0.72262305,0.28284271,0.03337582,NA
"781",2.6,3.1,NA,NA,-0.72262305,0.72262305,0.28284271,0.03337582,NA
"782",2.7,3,NA,NA,-0.72262305,0.72262305,0.14142136,0.03337582,NA
"783",2.7,3,NA,NA,-0.72262305,0.72262305,0.14142136,0.03337582,NA
"784",2.9,2.9,NA,NA,-0.72495165,0.72495165,-0.07071068,0.03357849,NA
"785",2.6,3.2,NA,NA,-0.72495165,0.72495165,0.35355339,0.03357849,NA
"786",2.9,2.9,NA,NA,-0.72495165,0.72495165,-0.07071068,0.03357849,NA
"787",2.9,2.9,NA,NA,-0.72495165,0.72495165,-0.07071068,0.03357849,NA
"788",2.7,3.1,NA,NA,-0.72495165,0.72495165,0.21213203,0.03357849,NA
"789",3,2.8,NA,NA,-0.72495165,0.72495165,-0.21213203,0.03357849,NA
"790",3,2.8,NA,NA,-0.72495165,0.72495165,-0.21213203,0.03357849,NA
"791",2.9,2.9,NA,NA,-0.72495165,0.72495165,-0.07071068,0.03357849,NA
"792",2.6,3.2,NA,NA,-0.72495165,0.72495165,0.35355339,0.03357849,NA
"793",2.7,3.1,NA,NA,-0.72495165,0.72495165,0.21213203,0.03357849,NA
"794",2.9,2.9,NA,NA,-0.72495165,0.72495165,-0.07071068,0.03357849,NA
"795",3,2.8,NA,NA,-0.72495165,0.72495165,-0.21213203,0.03357849,NA
"796",2.8,3,NA,NA,-0.72495165,0.72495165,0.07071068,0.03357849,NA
"797",2.9,3,NA,NA,-0.72725646,0.72725646,0,0.03377875,NA
"798",3,2.9,NA,NA,-0.72725646,0.72725646,-0.14142136,0.03377875,NA
"799",3,2.9,NA,NA,-0.72725646,0.72725646,-0.14142136,0.03377875,NA
"800",2.9,3,NA,NA,-0.72725646,0.72725646,0,0.03377875,NA
"801",2.9,3,NA,NA,-0.72725646,0.72725646,0,0.03377875,NA
"802",2.9,3,NA,NA,-0.72725646,0.72725646,0,0.03377875,NA
"803",3,2.9,NA,NA,-0.72725646,0.72725646,-0.14142136,0.03377875,NA
"804",2.9,3,NA,NA,-0.72725646,0.72725646,0,0.03377875,NA
"805",2.7,3.2,NA,NA,-0.72725646,0.72725646,0.28284271,0.03377875,NA
"806",2.7,3.2,NA,NA,-0.72725646,0.72725646,0.28284271,0.03377875,NA
"807",3,3,NA,NA,-0.7295321,0.7295321,-0.07071068,0.03397608,NA
"808",2.9,3.1,NA,NA,-0.7295321,0.7295321,0.07071068,0.03397608,NA
"809",2.9,3.1,NA,NA,-0.7295321,0.7295321,0.07071068,0.03397608,NA
"810",3.1,2.9,NA,NA,-0.7295321,0.7295321,-0.21213203,0.03397608,NA
"811",3,3,NA,NA,-0.7295321,0.7295321,-0.07071068,0.03397608,NA
"812",2.5,3.5,NA,NA,-0.7295321,0.7295321,0.6363961,0.03397608,NA
"813",2.7,3.3,NA,NA,-0.7295321,0.7295321,0.35355339,0.03397608,NA
"814",2.8,3.2,NA,NA,-0.7295321,0.7295321,0.21213203,0.03397608,NA
"815",2.8,3.2,NA,NA,-0.7295321,0.7295321,0.21213203,0.03397608,NA
"816",2.7,3.3,NA,NA,-0.7295321,0.7295321,0.35355339,0.03397608,NA
"817",2.5,3.5,NA,NA,-0.7295321,0.7295321,0.6363961,0.03397608,NA
"818",2.9,3.2,NA,NA,-0.73177281,0.73177281,0.14142136,0.03416996,NA
"819",3,3.1,NA,NA,-0.73177281,0.73177281,0,0.03416996,NA
"820",2.9,3.2,NA,NA,-0.73177281,0.73177281,0.14142136,0.03416996,NA
"821",2.7,3.4,NA,NA,-0.73177281,0.73177281,0.42426407,0.03416996,NA
"822",2.8,3.3,NA,NA,-0.73177281,0.73177281,0.28284271,0.03416996,NA
"823",3.3,2.8,NA,NA,-0.73177281,0.73177281,-0.42426407,0.03416996,NA
"824",3.1,3,NA,NA,-0.73177281,0.73177281,-0.14142136,0.03416996,NA
"825",2.9,3.2,NA,NA,-0.73177281,0.73177281,0.14142136,0.03416996,NA
"826",3,3.1,NA,NA,-0.73177281,0.73177281,0,0.03416996,NA
"827",3,3.1,NA,NA,-0.73177281,0.73177281,0,0.03416996,NA
"828",3,3.1,NA,NA,-0.73177281,0.73177281,0,0.03416996,NA
"829",2.8,3.3,NA,NA,-0.73177281,0.73177281,0.28284271,0.03416996,NA
"830",2.9,3.2,NA,NA,-0.73177281,0.73177281,0.14142136,0.03416996,NA
"831",3,3.1,NA,NA,-0.73177281,0.73177281,0,0.03416996,NA
"832",3,3.1,NA,NA,-0.73177281,0.73177281,0,0.03416996,NA
"833",3.1,3,NA,NA,-0.73177281,0.73177281,-0.14142136,0.03416996,NA
"834",3.1,3,NA,NA,-0.73177281,0.73177281,-0.14142136,0.03416996,NA
"835",3,3.1,NA,NA,-0.73177281,0.73177281,0,0.03416996,NA
"836",2.9,3.2,NA,NA,-0.73177281,0.73177281,0.14142136,0.03416996,NA
"837",3.1,3,NA,NA,-0.73177281,0.73177281,-0.14142136,0.03416996,NA
"838",3.3,2.8,NA,NA,-0.73177281,0.73177281,-0.42426407,0.03416996,NA
"839",2.8,3.4,NA,NA,-0.73397251,0.73397251,0.35355339,0.03435984,NA
"840",2.9,3.3,NA,NA,-0.73397251,0.73397251,0.21213203,0.03435984,NA
"841",3,3.2,NA,NA,-0.73397251,0.73397251,0.07071068,0.03435984,NA
"842",3,3.2,NA,NA,-0.73397251,0.73397251,0.07071068,0.03435984,NA
"843",3.1,3.1,NA,NA,-0.73397251,0.73397251,-0.07071068,0.03435984,NA
"844",2.7,3.5,NA,NA,-0.73397251,0.73397251,0.49497475,0.03435984,NA
"845",3,3.2,NA,NA,-0.73397251,0.73397251,0.07071068,0.03435984,NA
"846",3,3.2,NA,NA,-0.73397251,0.73397251,0.07071068,0.03435984,NA
"847",3.1,3.1,NA,NA,-0.73397251,0.73397251,-0.07071068,0.03435984,NA
"848",3,3.2,NA,NA,-0.73397251,0.73397251,0.07071068,0.03435984,NA
"849",3.1,3.1,NA,NA,-0.73397251,0.73397251,-0.07071068,0.03435984,NA
"850",3,3.2,NA,NA,-0.73397251,0.73397251,0.07071068,0.03435984,NA
"851",3.1,3.1,NA,NA,-0.73397251,0.73397251,-0.07071068,0.03435984,NA
"852",3.1,3.1,NA,NA,-0.73397251,0.73397251,-0.07071068,0.03435984,NA
"853",3.1,3.1,NA,NA,-0.73397251,0.73397251,-0.07071068,0.03435984,NA
"854",3.1,3.1,NA,NA,-0.73397251,0.73397251,-0.07071068,0.03435984,NA
"855",3,3.2,NA,NA,-0.73397251,0.73397251,0.07071068,0.03435984,NA
"856",3.1,3.1,NA,NA,-0.73397251,0.73397251,-0.07071068,0.03435984,NA
"857",3.1,3.1,NA,NA,-0.73397251,0.73397251,-0.07071068,0.03435984,NA
"858",3,3.2,NA,NA,-0.73397251,0.73397251,0.07071068,0.03435984,NA
"859",3,3.2,NA,NA,-0.73397251,0.73397251,0.07071068,0.03435984,NA
"860",3.1,3.1,NA,NA,-0.73397251,0.73397251,-0.07071068,0.03435984,NA
"861",3.2,3.1,NA,NA,-0.73612495,0.73612495,-0.14142136,0.03454515,NA
"862",3.2,3.1,NA,NA,-0.73612495,0.73612495,-0.14142136,0.03454515,NA
"863",3.1,3.2,NA,NA,-0.73612495,0.73612495,0,0.03454515,NA
"864",2.8,3.5,NA,NA,-0.73612495,0.73612495,0.42426407,0.03454515,NA
"865",3.1,3.2,NA,NA,-0.73612495,0.73612495,0,0.03454515,NA
"866",2.9,3.4,NA,NA,-0.73612495,0.73612495,0.28284271,0.03454515,NA
"867",4,2.3,4,2.3,-0.73612495,0.73612495,-1.27279221,0.03454515,NA
"868",3.1,3.2,NA,NA,-0.73612495,0.73612495,0,0.03454515,NA
"869",3,3.3,NA,NA,-0.73612495,0.73612495,0.14142136,0.03454515,NA
"870",3.2,3.1,NA,NA,-0.73612495,0.73612495,-0.14142136,0.03454515,NA
"871",3.3,3,NA,NA,-0.73612495,0.73612495,-0.28284271,0.03454515,NA
"872",2.9,3.4,NA,NA,-0.73612495,0.73612495,0.28284271,0.03454515,NA
"873",2.9,3.4,NA,NA,-0.73612495,0.73612495,0.28284271,0.03454515,NA
"874",2.8,3.5,NA,NA,-0.73612495,0.73612495,0.42426407,0.03454515,NA
"875",3.1,3.2,NA,NA,-0.73612495,0.73612495,0,0.03454515,NA
"876",3.1,3.2,NA,NA,-0.73612495,0.73612495,0,0.03454515,NA
"877",3.6,2.7,NA,NA,-0.73612495,0.73612495,-0.70710678,0.03454515,NA
"878",3.1,3.3,NA,NA,-0.73822375,0.73822375,0.07071068,0.0347253,NA
"879",3.1,3.3,NA,NA,-0.73822375,0.73822375,0.07071068,0.0347253,NA
"880",3.1,3.3,NA,NA,-0.73822375,0.73822375,0.07071068,0.0347253,NA
"881",3,3.4,NA,NA,-0.73822375,0.73822375,0.21213203,0.0347253,NA
"882",3.1,3.3,NA,NA,-0.73822375,0.73822375,0.07071068,0.0347253,NA
"883",2.5,3.9,2.5,3.9,-0.73822375,0.73822375,0.91923882,0.0347253,NA
"884",3,3.4,NA,NA,-0.73822375,0.73822375,0.21213203,0.0347253,NA
"885",3,3.4,NA,NA,-0.73822375,0.73822375,0.21213203,0.0347253,NA
"886",3.2,3.2,NA,NA,-0.73822375,0.73822375,-0.07071068,0.0347253,NA
"887",3.2,3.2,NA,NA,-0.73822375,0.73822375,-0.07071068,0.0347253,NA
"888",3.2,3.2,NA,NA,-0.73822375,0.73822375,-0.07071068,0.0347253,NA
"889",3.2,3.2,NA,NA,-0.73822375,0.73822375,-0.07071068,0.0347253,NA
"890",3.2,3.2,NA,NA,-0.73822375,0.73822375,-0.07071068,0.0347253,NA
"891",3.2,3.2,NA,NA,-0.73822375,0.73822375,-0.07071068,0.0347253,NA
"892",3,3.5,NA,NA,-0.74026249,0.74026249,0.28284271,0.03489972,NA
"893",3.3,3.2,NA,NA,-0.74026249,0.74026249,-0.14142136,0.03489972,NA
"894",3.1,3.4,NA,NA,-0.74026249,0.74026249,0.14142136,0.03489972,NA
"895",3.2,3.3,NA,NA,-0.74026249,0.74026249,0,0.03489972,NA
"896",3,3.5,NA,NA,-0.74026249,0.74026249,0.28284271,0.03489972,NA
"897",3.1,3.4,NA,NA,-0.74026249,0.74026249,0.14142136,0.03489972,NA
"898",3.3,3.2,NA,NA,-0.74026249,0.74026249,-0.14142136,0.03489972,NA
"899",3.3,3.3,NA,NA,-0.74223485,0.74223485,-0.07071068,0.03506784,NA
"900",3.2,3.4,NA,NA,-0.74223485,0.74223485,0.07071068,0.03506784,NA
"901",3.1,3.5,NA,NA,-0.74223485,0.74223485,0.21213203,0.03506784,NA
"902",3.2,3.4,NA,NA,-0.74223485,0.74223485,0.07071068,0.03506784,NA
"903",3.4,3.2,NA,NA,-0.74223485,0.74223485,-0.21213203,0.03506784,NA
"904",2.9,3.7,NA,NA,-0.74223485,0.74223485,0.49497475,0.03506784,NA
"905",2.9,3.7,NA,NA,-0.74223485,0.74223485,0.49497475,0.03506784,NA
"906",3.3,3.3,NA,NA,-0.74223485,0.74223485,-0.07071068,0.03506784,NA
"907",3.3,3.4,NA,NA,-0.74413463,0.74413463,0,0.03522911,NA
"908",3.3,3.4,NA,NA,-0.74413463,0.74413463,0,0.03522911,NA
"909",3.3,3.4,NA,NA,-0.74413463,0.74413463,0,0.03522911,NA
"910",3.4,3.3,NA,NA,-0.74413463,0.74413463,-0.14142136,0.03522911,NA
"911",3.3,3.4,NA,NA,-0.74413463,0.74413463,0,0.03522911,NA
"912",3.2,3.5,NA,NA,-0.74413463,0.74413463,0.14142136,0.03522911,NA
"913",3,3.7,NA,NA,-0.74413463,0.74413463,0.42426407,0.03522911,NA
"914",3.1,3.6,NA,NA,-0.74413463,0.74413463,0.28284271,0.03522911,NA
"915",3.5,3.2,NA,NA,-0.74413463,0.74413463,-0.28284271,0.03522911,NA
"916",3.2,3.5,NA,NA,-0.74413463,0.74413463,0.14142136,0.03522911,NA
"917",3,3.7,NA,NA,-0.74413463,0.74413463,0.42426407,0.03522911,NA
"918",3,3.7,NA,NA,-0.74413463,0.74413463,0.42426407,0.03522911,NA
"919",3.4,3.4,NA,NA,-0.74595587,0.74595587,-0.07071068,0.035383,NA
"920",3.3,3.5,NA,NA,-0.74595587,0.74595587,0.07071068,0.035383,NA
"921",3.3,3.5,NA,NA,-0.74595587,0.74595587,0.07071068,0.035383,NA
"922",3.3,3.5,NA,NA,-0.74595587,0.74595587,0.07071068,0.035383,NA
"923",3.4,3.4,NA,NA,-0.74595587,0.74595587,-0.07071068,0.035383,NA
"924",3.5,3.4,NA,NA,-0.74769294,0.74769294,-0.14142136,0.03552902,NA
"925",3.4,3.5,NA,NA,-0.74769294,0.74769294,0,0.03552902,NA
"926",3.4,3.5,NA,NA,-0.74769294,0.74769294,0,0.03552902,NA
"927",3.5,3.4,NA,NA,-0.74769294,0.74769294,-0.14142136,0.03552902,NA
"928",3.4,3.5,NA,NA,-0.74769294,0.74769294,0,0.03552902,NA
"929",3.3,3.6,NA,NA,-0.74769294,0.74769294,0.14142136,0.03552902,NA
"930",3.1,3.8,NA,NA,-0.74769294,0.74769294,0.42426407,0.03552902,NA
"931",3.5,3.4,NA,NA,-0.74769294,0.74769294,-0.14142136,0.03552902,NA
"932",3.7,3.2,NA,NA,-0.74769294,0.74769294,-0.42426407,0.03552902,NA
"933",3.7,3.2,NA,NA,-0.74769294,0.74769294,-0.42426407,0.03552902,NA
"934",3.2,3.7,NA,NA,-0.74769294,0.74769294,0.28284271,0.03552902,NA
"935",3.5,3.5,NA,NA,-0.74934057,0.74934057,-0.07071068,0.03566674,NA
"936",3.4,3.6,NA,NA,-0.74934057,0.74934057,0.07071068,0.03566674,NA
"937",3.7,3.3,NA,NA,-0.74934057,0.74934057,-0.35355339,0.03566674,NA
"938",3.1,3.9,NA,NA,-0.74934057,0.74934057,0.49497475,0.03566674,NA
"939",3.3,3.7,NA,NA,-0.74934057,0.74934057,0.21213203,0.03566674,NA
"940",3.3,3.7,NA,NA,-0.74934057,0.74934057,0.21213203,0.03566674,NA
"941",3.4,3.6,NA,NA,-0.74934057,0.74934057,0.07071068,0.03566674,NA
"942",3.3,3.7,NA,NA,-0.74934057,0.74934057,0.21213203,0.03566674,NA
"943",3.2,3.8,NA,NA,-0.74934057,0.74934057,0.35355339,0.03566674,NA
"944",3.2,3.8,NA,NA,-0.74934057,0.74934057,0.35355339,0.03566674,NA
"945",3.6,3.4,NA,NA,-0.74934057,0.74934057,-0.21213203,0.03566674,NA
"946",3.5,3.5,NA,NA,-0.74934057,0.74934057,-0.07071068,0.03566674,NA
"947",3.2,3.8,NA,NA,-0.74934057,0.74934057,0.35355339,0.03566674,NA
"948",3.4,3.7,NA,NA,-0.75089397,0.75089397,0.14142136,0.03579575,NA
"949",3.3,3.8,NA,NA,-0.75089397,0.75089397,0.28284271,0.03579575,NA
"950",3.4,3.7,NA,NA,-0.75089397,0.75089397,0.14142136,0.03579575,NA
"951",3.7,3.4,NA,NA,-0.75089397,0.75089397,-0.28284271,0.03579575,NA
"952",3.4,3.7,NA,NA,-0.75089397,0.75089397,0.14142136,0.03579575,NA
"953",3.4,3.7,NA,NA,-0.75089397,0.75089397,0.14142136,0.03579575,NA
"954",3.3,3.8,NA,NA,-0.75089397,0.75089397,0.28284271,0.03579575,NA
"955",3.5,3.6,NA,NA,-0.75089397,0.75089397,0,0.03579575,NA
"956",3.4,3.7,NA,NA,-0.75089397,0.75089397,0.14142136,0.03579575,NA
"957",3.3,3.9,NA,NA,-0.75234888,0.75234888,0.35355339,0.03591572,NA
"958",3.3,3.9,NA,NA,-0.75234888,0.75234888,0.35355339,0.03591572,NA
"959",3.8,3.4,NA,NA,-0.75234888,0.75234888,-0.35355339,0.03591572,NA
"960",3.3,3.9,NA,NA,-0.75234888,0.75234888,0.35355339,0.03591572,NA
"961",3.5,3.7,NA,NA,-0.75234888,0.75234888,0.07071068,0.03591572,NA
"962",3.7,3.5,NA,NA,-0.75234888,0.75234888,-0.21213203,0.03591572,NA
"963",3.5,3.7,NA,NA,-0.75234888,0.75234888,0.07071068,0.03591572,NA
"964",3.6,3.6,NA,NA,-0.75234888,0.75234888,-0.07071068,0.03591572,NA
"965",3.5,3.8,NA,NA,-0.75370161,0.75370161,0.14142136,0.03602639,NA
"966",3.8,3.5,NA,NA,-0.75370161,0.75370161,-0.28284271,0.03602639,NA
"967",3.6,3.7,NA,NA,-0.75370161,0.75370161,0,0.03602639,NA
"968",3.4,3.9,NA,NA,-0.75370161,0.75370161,0.28284271,0.03602639,NA
"969",3.5,3.8,NA,NA,-0.75370161,0.75370161,0.14142136,0.03602639,NA
"970",3.6,3.7,NA,NA,-0.75370161,0.75370161,0,0.03602639,NA
"971",3.7,3.6,NA,NA,-0.75370161,0.75370161,-0.14142136,0.03602639,NA
"972",3.7,3.6,NA,NA,-0.75370161,0.75370161,-0.14142136,0.03602639,NA
"973",3.6,3.7,NA,NA,-0.75370161,0.75370161,0,0.03602639,NA
"974",3.6,3.7,NA,NA,-0.75370161,0.75370161,0,0.03602639,NA
"975",3.6,3.7,NA,NA,-0.75370161,0.75370161,0,0.03602639,NA
"976",3.7,3.6,NA,NA,-0.75370161,0.75370161,-0.14142136,0.03602639,NA
"977",3.4,3.9,NA,NA,-0.75370161,0.75370161,0.28284271,0.03602639,NA
"978",3.8,3.5,NA,NA,-0.75370161,0.75370161,-0.28284271,0.03602639,NA
"979",3.6,3.8,NA,NA,-0.75494911,0.75494911,0.07071068,0.03612754,NA
"980",3.5,3.9,NA,NA,-0.75494911,0.75494911,0.21213203,0.03612754,NA
"981",3.5,3.9,NA,NA,-0.75494911,0.75494911,0.21213203,0.03612754,NA
"982",3.5,3.9,NA,NA,-0.75494911,0.75494911,0.21213203,0.03612754,NA
"983",3.7,3.7,NA,NA,-0.75494911,0.75494911,-0.07071068,0.03612754,NA
"984",3.7,3.7,NA,NA,-0.75494911,0.75494911,-0.07071068,0.03612754,NA
"985",4.3,3.2,4.3,3.2,-0.75608902,0.75608902,-0.84852814,0.03621906,NA
"986",3.7,3.9,NA,NA,-0.75711967,0.75711967,0.07071068,0.03630087,NA
"987",3.8,3.8,NA,NA,-0.75711967,0.75711967,-0.07071068,0.03630087,NA
"988",4,3.6,NA,NA,-0.75711967,0.75711967,-0.35355339,0.03630087,NA
"989",3.8,3.8,NA,NA,-0.75711967,0.75711967,-0.07071068,0.03630087,NA
"990",3.9,3.8,NA,NA,-0.75804016,0.75804016,-0.14142136,0.03637298,NA
"991",4.3,3.4,NA,NA,-0.75804016,0.75804016,-0.70710678,0.03637298,NA
"992",3.9,3.8,NA,NA,-0.75804016,0.75804016,-0.14142136,0.03637298,NA
"993",3.8,3.9,NA,NA,-0.75804016,0.75804016,0,0.03637298,NA
"994",3.9,3.8,NA,NA,-0.75804016,0.75804016,-0.14142136,0.03637298,NA
"995",3.9,3.9,NA,NA,-0.75885031,0.75885031,-0.07071068,0.03643549,NA
"996",5,2.9,5,2.9,-0.75955071,0.75955071,-1.55563492,0.03648853,NA
"997",4.1,3.8,NA,NA,-0.75955071,0.75955071,-0.28284271,0.03648853,NA
"998",4.7,3.2,4.7,3.2,-0.75955071,0.75955071,-1.13137085,0.03648853,NA
"999",4.8,3.3,4.8,3.3,-0.76062832,0.76062832,-1.13137085,0.03656714,NA
"1000",4.2,3.9,NA,NA,-0.76062832,0.76062832,-0.28284271,0.03656714,NA
